market_id,symbol,archetype,relevance,split,entry_date,entry_prob,entry_price,exit_date,exit_price,exit_reason,peak_pct,trough_pct,return_pct,spy_return,qqq_return,excess_spy,excess_qqq,holding_days
703173,CTAS,Cintas Earnings,1.0,train,2025-11-28,0.78,186.02,2025-12-18,189.89,resolution-1d,2.58,-1.79,2.08,-1.0126053639915145,-1.637467040522811,3.0926053639915145,3.717467040522811,20
703174,PAYX,Paychex Earnings,1.0,train,2025-12-01,0.745,110.54,2025-12-18,114.24,resolution-1d,6.59,-0.71,3.35,-0.5586088933837607,-1.3059607209975233,3.908608893383761,4.655960720997523,17
703175,LW,Lamb Weston Earnings,0.95,train,2025-11-28,0.82,59.06,2025-12-19,43.94,resolution-1d,3.28,-26.0,-25.6,-0.4097203255756021,-0.35527044118389695,-25.1902796744244,-25.244729558816104,21
703176,CCL,Carnival Earnings,0.95,train,2025-11-29,0.765,25.93,2025-12-19,31.12,resolution-1d,11.99,-2.55,20.02,0.04704122113734499,-0.019442798663293903,19.972958778862655,20.039442798663295,20
1125598,BLK,BlackRock Earnings,0.98,embargo,2026-01-07,0.87,1075.09,2026-01-15,1156.65,resolution-1d,1.76,-1.39,7.59,0.385738141855807,-0.35896127756568363,7.204261858144193,7.948961277565683,8
1125627,SCHW,Charles Schwab Earnings,0.98,embargo,2026-01-07,0.93,101.93,2026-01-21,101.79,resolution-1d,2.99,-2.29,-0.14,-0.6061649949517967,-1.240343256966192,0.46616499495179664,1.100343256966192,14
1125915,JNJ,Johnson & Johnson Earnings,0.98,embargo,2026-01-07,0.91,207.49,2026-01-21,218.01,poly<0.55,6.08,-1.75,5.07,-0.6061649949517967,-1.240343256966192,5.676164994951797,6.310343256966192,14
1126201,ALLY,Ally Financial Earnings,0.95,embargo,2026-01-07,0.855,46.55,2026-01-21,42.43,resolution-1d,0.69,-14.72,-8.85,-0.6061649949517967,-1.240343256966192,-8.243835005048203,-7.609656743033808,14
1126021,CFG,Citizens Financial Group Earnings,0.95,embargo,2026-01-07,0.91,60.99,2026-01-21,64.06,resolution-1d,1.92,-3.41,5.03,-0.6061649949517967,-1.240343256966192,5.6361649949517965,6.270343256966193,14
1126184,HAL,Halliburton Earnings,0.97,embargo,2026-01-07,0.815,30.38,2026-01-21,33.36,resolution-1d,10.99,-0.69,9.81,-0.6061649949517967,-1.240343256966192,10.416164994951798,11.050343256966192,14
1280187,NET,Cloudflare Earnings,1.0,val,2026-01-29,0.785,180.39,2026-02-10,179.98,resolution-1d,2.68,-11.11,-0.23,-0.2766386621723682,-2.853378800127726,0.0466386621723682,2.623378800127726,12
1921503,T,AT&T Earnings,0.95,test,2026-04-09,0.775,26.84,2026-04-22,25.98,resolution-1d,0.0,-7.08,-3.2,4.603557833306171,7.361638625744238,-7.803557833306171,-10.561638625744237,13
703121,NKE,NIKE Earnings,1.0,train,2025-12-05,0.945,65.86,2025-12-18,65.63,resolution-1d,4.98,-4.39,-0.35,-1.3446355795553755,-2.617189299155409,0.9946355795553755,2.267189299155409,13
598107,MU,Micron Technology Earnings,1.0,train,2025-09-15,0.775,157.77,2025-09-30,167.32,resolution-1d,8.04,-1.98,6.05,0.7973884107355556,1.4686997277205682,5.252611589264444,4.581300272279432,15
598111,JBL,Jabil Earnings,0.9,train,2025-09-17,0.8,213.64,2025-10-02,215.69,resolution-1d,11.0,-4.72,0.96,1.5231011467124356,2.666098384533888,-0.5631011467124356,-1.7060983845338882,15
598106,FDX,FedEx Earnings,1.0,train,2025-09-17,0.74,181.93,2025-09-18,182.51,poly<0.55,0.0,-0.62,0.32,0.4672497836806455,0.9016961566472359,-0.1472497836806455,-0.5816961566472358,1
598110,ACN,Accenture Earnings,1.0,train,2025-09-15,0.75,237.87,2025-10-02,244.34,resolution-1d,5.98,-3.56,2.72,1.257356961804601,2.374592341618631,1.4626430381953992,0.3454076583813692,17
599650,CASH,Pathward Financial Earnings,1.0,train,2025-09-17,0.765,75.72,2025-09-25,75.17,poly<0.55,3.29,-2.19,-0.73,-0.17142584656211213,0.5983100503178074,-0.5585741534378879,-1.3283100503178074,8
599651,MLKN,MillerKnoll Earnings,1.0,train,2025-09-18,0.77,20.44,2025-09-30,17.74,resolution-1d,2.05,-17.81,-13.21,0.5919099526398242,0.8482812152856845,-13.801909952639825,-14.058281215285685,12
599652,PRGS,Progress Software Earnings,1.0,train,2025-09-17,0.73,41.91,2025-10-06,46.66,resolution-1d,13.03,-3.87,11.33,1.8856750529282262,3.00169863943327,9.444324947071774,8.32830136056673,19
613052,JPM,JPMorgan Chase Earnings,1.0,train,2025-09-26,0.79,316.06,2025-10-13,307.97,resolution-1d,0.62,-4.83,-2.56,0.1843357241582133,1.0134804368371109,-2.7443357241582134,-3.573480436837111,17
613046,XOM,Exxon Mobil Earnings,1.0,train,2025-09-26,0.775,117.22,2025-10-30,114.69,resolution-1d,0.0,-5.83,-2.16,2.7212851781922787,5.047237036851926,-4.881285178192279,-7.207237036851926,34
613049,LEVI,Levi Strauss Earnings,1.0,train,2025-09-26,0.825,23.02,2025-10-08,24.66,resolution-1d,7.82,-1.39,7.12,1.7058985679489824,2.5957736964548284,5.414101432051018,4.524226303545172,12
613050,PEP,PepsiCo Earnings,1.0,train,2025-09-26,0.8,140.44,2025-10-08,138.84,resolution-1d,2.09,-1.25,-1.14,1.7058985679489824,2.5957736964548284,-2.845898567948982,-3.735773696454828,12
613051,DAL,Delta Air Lines Earnings,1.0,train,2025-10-02,0.795,57.08,2025-10-08,57.12,resolution-1d,2.54,-2.24,0.07,0.5812759359751896,0.9426678811964129,-0.5112759359751895,-0.8726678811964128,6
613055,WFC,Wells Fargo Earnings,1.0,train,2025-09-26,0.86,85.01,2025-10-13,78.92,resolution-1d,0.21,-8.69,-7.16,0.1843357241582133,1.0134804368371109,-7.3443357241582135,-8.17348043683711,17
613056,GS,Goldman Sachs Earnings,1.0,train,2025-09-26,0.775,802.51,2025-10-13,786.78,resolution-1d,0.89,-4.8,-1.96,0.1843357241582133,1.0134804368371109,-2.1443357241582133,-2.973480436837111,17
613057,C,Citigroup Earnings,0.95,train,2025-09-26,0.805,103.42,2025-10-13,96.1,resolution-1d,0.94,-9.44,-7.08,0.1843357241582133,1.0134804368371109,-7.264335724158213,-8.093480436837112,17
613066,DPZ,Domino's Pizza Earnings,0.95,train,2025-10-02,0.795,431.24,2025-10-13,408.26,resolution-1d,0.0,-6.42,-5.33,-0.9234620821742867,-0.6141301938276666,-4.406537917825713,-4.715869806172334,11
613067,JNJ,Johnson & Johnson Earnings,0.95,train,2025-09-26,0.805,179.71,2025-10-13,190.9,resolution-1d,6.89,-1.33,6.23,0.1843357241582133,1.0134804368371109,6.045664275841787,5.21651956316289,17
614609,IBKR,Interactive Brokers Group Earnings,0.95,train,2025-09-28,0.74,68.8,2025-10-15,69.77,resolution-1d,6.61,-3.17,1.41,0.22450431696272588,0.5828988606253915,1.185495683037274,0.8271011393746084,17
614613,BAC,Bank of America Earnings,0.95,train,2025-09-27,0.805,52.42,2025-10-14,50.09,resolution-1d,0.29,-7.42,-4.44,-0.21848062666243173,-0.12192148256522373,-4.221519373337569,-4.318078517434777,17
614614,MS,Morgan Stanley Earnings,0.95,train,2025-09-27,0.81,161.16,2025-10-14,155.34,resolution-1d,0.66,-5.78,-3.61,-0.21848062666243173,-0.12192148256522373,-3.391519373337568,-3.488078517434776,17
614615,TSLA,Tesla Earnings,0.95,train,2025-10-01,0.75,459.46,2025-10-21,442.6,resolution-1d,2.46,-10.45,-3.67,0.4248583691300656,1.347700767975546,-4.0948583691300655,-5.017700767975546,20
614616,SCHW,Charles Schwab Earnings,0.95,train,2025-09-27,0.81,96.89,2025-10-15,94.33,resolution-1d,0.42,-5.09,-2.64,0.22450431696272588,0.5828988606253915,-2.864504316962726,-3.2228988606253917,18
614637,MKC,McCormick & Company Earnings,0.95,train,2025-09-28,0.725,66.8,2025-10-06,68.29,resolution-1d,3.31,-2.86,2.23,1.1948518507857386,1.4998483117340644,1.0351481492142613,0.7301516882659356,8
614638,OMC,Omnicom Group Earnings,0.95,train,2025-09-27,0.765,79.13,2025-10-20,78.19,resolution-1d,4.84,-4.33,-1.19,1.1481429606557292,2.1395283310457813,-2.338142960655729,-3.3295283310457813,23
614639,CFG,Citizens Financial Group Earnings,0.95,train,2025-09-27,0.755,53.65,2025-10-14,51.8,resolution-1d,2.96,-8.28,-3.45,-0.21848062666243173,-0.12192148256522373,-3.2315193733375684,-3.3280785174347765,17
614644,ABT,Abbott Laboratories Earnings,0.95,train,2025-09-27,0.775,133.11,2025-10-14,133.27,poly<0.55,1.76,-3.03,0.12,-0.21848062666243173,-0.12192148256522373,0.3384806266624317,0.24192148256522372,17
619541,STT,State Street Earnings,0.95,train,2025-10-04,0.88,116.9,2025-10-16,112.95,resolution-1d,1.15,-5.16,-3.38,-1.6333840982698633,-1.2703479388445293,-1.7466159017301366,-2.1096520611554705,12
619556,BLK,BlackRock Earnings,0.95,train,2025-10-04,0.865,1179.27,2025-10-13,1155.12,resolution-1d,0.4,-4.06,-2.05,-1.2760392952961608,-0.9379493509961812,-0.773960704703839,-1.1120506490038187,9
620069,GBCI,Glacier Bancorp Earnings,0.95,train,2025-10-04,0.78,48.47,2025-10-15,48.02,resolution-1d,2.25,-4.99,-0.93,-0.9588902163262469,-0.9033998240987162,0.028890216326246887,-0.02660017590128383,11
619549,USB,U.S. Bancorp Earnings,0.95,train,2025-10-04,0.81,47.72,2025-10-15,46.45,resolution-1d,1.07,-5.22,-2.66,-0.9588902163262469,-0.9033998240987162,-1.7011097836737532,-1.756600175901284,11
619852,UNTY,Unity Bancorp Earnings,0.95,train,2025-10-04,0.83,49.52,2025-10-09,50.22,resolution-1d,1.35,-3.53,1.41,-0.06700499052224584,0.4920093673409065,1.4770049905222458,0.9179906326590934,5
619857,AZZ,AZZ Earnings,0.95,train,2025-10-04,0.87,106.94,2025-10-07,105.08,resolution-1d,0.0,-2.23,-1.74,-0.3707494362329311,-0.5265689377054961,-1.3692505637670689,-1.213431062294504,3
619980,RELL,Richardson Electronics Earnings,0.95,train,2025-10-04,0.84,9.62,2025-10-07,9.84,resolution-1d,0.0,-1.87,2.29,-0.3707494362329311,-0.5265689377054961,2.660749436232931,2.816568937705496,3
619983,RGP,Resources Connection Earnings,0.95,train,2025-10-04,0.81,4.92,2025-10-07,4.85,resolution-1d,0.0,-3.66,-1.42,-0.3707494362329311,-0.5265689377054961,-1.0492505637670688,-0.8934310622945039,3
620038,BYRN,Byrna Technologies Earnings,0.95,train,2025-10-04,0.81,23.13,2025-10-08,22.8,resolution-1d,4.06,-6.79,-1.43,0.22334390981617602,0.6137763627202197,-1.653343909816176,-2.0437763627202195,4
619984,APLD,Applied Digital Earnings,0.95,train,2025-10-04,0.79,27.71,2025-10-08,27.94,resolution-1d,5.59,-5.05,0.83,0.22334390981617602,0.6137763627202197,0.6066560901838239,0.21622363727978022,4
620032,NRIX,Nurix Therapeutics Earnings,0.95,train,2025-10-04,0.83,9.95,2025-10-08,9.98,resolution-1d,1.9,-5.23,0.3,0.22334390981617602,0.6137763627202197,0.07665609018382397,-0.31377636272021975,4
619538,KEY,KeyCorp Earnings,0.98,train,2025-10-08,0.79,18.09,2025-10-15,17.73,resolution-1d,1.11,-5.03,-1.99,-1.1795995623596678,-1.507920924615136,-0.8104004376403322,-0.48207907538486405,7
620048,FAST,Fastenal Earnings,0.98,train,2025-10-04,0.795,47.78,2025-10-13,42.33,resolution-1d,0.48,-11.43,-11.41,-1.2760392952961608,-0.9379493509961812,-10.133960704703838,-10.472050649003819,9
619557,TFC,Truist Financial Earnings,0.98,train,2025-10-04,0.8,45.33,2025-10-16,41.09,resolution-1d,1.43,-10.04,-9.35,-1.6333840982698633,-1.2703479388445293,-7.716615901730137,-8.079652061155471,12
620052,SFBS,ServisFirst Bancshares Earnings,0.95,train,2025-10-07,0.87,81.99,2025-10-20,76.3,resolution-1d,0.72,-9.42,-6.94,0.3257999599009853,1.1629200754581959,-7.265799959900986,-8.102920075458197,13
619560,EFX,Equifax Earnings,0.98,train,2025-10-06,0.82,237.33,2025-10-14,228.33,poly<0.55,2.97,-6.64,-3.79,-1.3966446430814239,-1.5978051408691685,-2.393355356918576,-2.1921948591308316,8
627451,AXP,American Express Earnings,0.99,train,2025-10-08,0.845,323.82,2025-10-17,346.62,resolution-1d,4.05,-2.43,7.04,-1.2954748693217777,-1.2282496623770789,8.335474869321779,8.268249662377078,9
627454,CB,Chubb Earnings,0.98,train,2025-10-08,0.82,287.1,2025-10-21,269.26,resolution-1d,0.79,-7.59,-6.21,-0.2703878064248544,-0.009812501366313064,-5.939612193575146,-6.200187498633687,13
627582,KO,Coca-Cola Earnings,0.99,train,2025-10-08,0.82,66.12,2025-10-21,71.22,resolution-1d,3.81,-0.18,7.71,-0.2703878064248544,-0.009812501366313064,7.980387806424854,7.719812501366313,13
627587,GM,General Motors Earnings,0.99,train,2025-10-08,0.82,56.4,2025-10-21,66.62,resolution-1d,4.91,-3.67,18.12,-0.2703878064248544,-0.009812501366313064,18.390387806424854,18.129812501366313,13
627649,LMT,Lockheed Martin Earnings,1.0,train,2025-10-09,0.83,507.76,2025-10-21,489.5,resolution-1d,1.12,-4.93,-3.6,0.019370178201083554,0.11134643232177943,-3.6193701782010836,-3.7113464323217795,12
627652,MAT,Mattel Earnings,1.0,train,2025-10-09,0.81,18.1,2025-10-21,18.82,resolution-1d,2.43,-6.35,3.98,0.019370178201083554,0.11134643232177943,3.9606298217989164,3.8686535676782206,12
627653,NDAQ,Nasdaq Earnings,1.0,train,2025-10-10,0.86,88.9,2025-10-21,90.33,resolution-1d,1.97,-1.65,1.61,2.7977639198884408,3.7116208452608213,-1.1877639198884407,-2.101620845260821,11
627654,NFLX,Netflix Earnings,1.0,train,2025-10-08,0.895,121.43,2025-10-09,123.11,poly<0.55,0.0,-1.83,1.39,-0.28970186885769467,-0.12102417758411699,1.6797018688576946,1.511024177584117,1
627657,NOC,Northrop Grumman Earnings,1.0,train,2025-10-09,0.885,635.01,2025-10-21,599.35,resolution-1d,0.04,-10.02,-5.62,0.019370178201083554,0.11134643232177943,-5.639370178201084,-5.7313464323217795,12
627658,PM,Philip Morris International Earnings,1.0,train,2025-10-09,0.92,156.85,2025-10-21,152.0,resolution-1d,2.99,-9.26,-3.09,0.019370178201083554,0.11134643232177943,-3.1093701782010834,-3.2013464323217793,12
627659,PHM,PulteGroup Earnings,1.0,train,2025-10-08,0.86,127.66,2025-10-14,124.89,poly<0.55,0.0,-7.09,-2.17,-1.6163784700252148,-2.1980901458429236,-0.5536215299747851,0.028090145842923686,6
627660,DGX,Quest Diagnostics Earnings,1.0,train,2025-10-08,0.9,180.89,2025-10-21,184.64,resolution-1d,6.07,-1.3,2.07,-0.2703878064248544,-0.009812501366313064,2.3403878064248542,2.079812501366313,13
627663,TXN,Texas Instruments Earnings,1.0,train,2025-10-09,0.915,178.96,2025-10-21,180.84,resolution-1d,1.46,-4.38,1.05,0.019370178201083554,0.11134643232177943,1.0306298217989165,0.9386535676782206,12
627671,MCO,Moody's Earnings,1.0,train,2025-10-10,0.9,484.1,2025-10-22,472.79,resolution-1d,0.79,-3.7,-2.34,2.263325444804609,2.7124665367896483,-4.603325444804609,-5.052466536789648,12
627672,AMP,Ameriprise Financial Earnings,1.0,train,2025-10-10,0.88,479.43,2025-10-20,472.68,poly<0.55,2.97,-3.43,-1.41,2.799296761964576,3.7387579350879996,-4.209296761964576,-5.148757935088,10
627673,T,AT&T Earnings,1.0,train,2025-10-10,0.815,25.87,2025-10-22,25.55,poly<0.55,2.36,-5.99,-1.24,2.263325444804609,2.7124665367896483,-3.5033254448046094,-3.9524665367896485,12
627694,CME,CME Group Earnings,1.0,train,2025-10-10,0.885,271.45,2025-10-22,267.81,resolution-1d,1.44,-3.55,-1.34,2.263325444804609,2.7124665367896483,-3.603325444804609,-4.052466536789648,12
627695,CHDN,Churchill Downs Earnings,1.0,train,2025-10-10,0.72,90.02,2025-10-22,96.22,poly<0.55,8.72,-4.34,6.89,2.263325444804609,2.7124665367896483,4.6266745551953905,4.177533463210351,12
627698,EVR,Evercore Earnings,1.0,train,2025-10-10,0.865,300.99,2025-10-29,292.49,resolution-1d,10.47,-3.97,-2.82,5.263237586783154,7.849027910305351,-8.083237586783154,-10.669027910305351,19
627585,EWBC,East West Bancorp Earnings,1.0,train,2025-10-08,0.84,106.13,2025-10-21,98.81,resolution-1d,0.58,-12.68,-6.9,-0.2703878064248544,-0.009812501366313064,-6.629612193575146,-6.890187498633687,13
627749,VZ,Verizon Communications Earnings,1.0,train,2025-10-11,0.795,39.75,2025-10-29,40.21,resolution-1d,2.82,-3.42,1.16,3.672483926767023,5.60788179897016,-2.5124839267670227,-4.44788179897016,18
627753,LVS,Las Vegas Sands Earnings,1.0,train,2025-10-12,0.73,46.47,2025-10-22,50.62,poly<0.55,9.25,-1.21,8.93,0.7179069020524009,0.5780602336005636,8.212093097947598,8.351939766399436,10
627752,MMM,3M Earnings,1.0,train,2025-10-09,0.845,152.88,2025-10-21,166.64,resolution-1d,2.09,-2.89,9.0,0.019370178201083554,0.11134643232177943,8.980629821798917,8.88865356767822,12
627735,HLT,Hilton Worldwide Earnings,1.0,train,2025-10-08,0.86,260.06,2025-10-10,259.53,poly<0.55,1.57,-1.49,-0.2,-2.984648312685423,-3.5882510718635463,2.7846483126854227,3.388251071863546,2
627736,IBM,IBM Earnings,1.0,train,2025-10-10,0.895,277.82,2025-10-22,287.51,resolution-1d,2.76,-1.9,3.49,2.263325444804609,2.7124665367896483,1.226674555195391,0.7775334632103519,12
627739,AAL,American Airlines Earnings,1.0,train,2025-10-12,0.715,11.74,2025-10-22,12.09,poly<0.55,7.07,-1.87,2.98,0.7179069020524009,0.5780602336005636,2.262093097947599,2.4019397663994364,10
637846,OTIS,Otis Worldwide Earnings,1.0,train,2025-10-19,0.775,91.51,2025-10-21,92.7,poly<0.55,0.0,-0.73,1.3,-0.0014911017141350236,-0.026159065683206695,1.301491101714135,1.3261590656832067,2
637859,WDFC,WD-40 Company Earnings,1.0,train,2025-10-19,0.795,193.07,2025-10-22,200.98,resolution-1d,3.15,-2.94,4.1,-0.5213764432659862,-0.9893037267137195,4.621376443265985,5.0893037267137196,3
637877,HON,Honeywell International Earnings,1.0,train,2025-10-19,0.825,194.18,2025-10-23,207.98,resolution-1d,2.22,-0.83,7.11,0.06852703426505347,-0.15697435523293057,7.041472965734947,7.2669743552329304,4
637878,INTC,Intel Earnings,1.0,train,2025-10-18,0.765,38.1,2025-10-23,38.16,resolution-1d,0.66,-5.41,0.16,0.06852703426505347,-0.15697435523293057,0.09147296573494654,0.3169743552329306,5
637884,TMUS,T-Mobile US Earnings,1.0,train,2025-10-17,0.76,229.33,2025-10-23,219.99,resolution-1d,0.53,-5.89,-4.07,1.1092874598796154,1.1011250467291456,-5.179287459879616,-5.171125046729146,6
637876,HAS,Hasbro Earnings,1.0,train,2025-10-17,0.76,74.81,2025-10-23,77.94,resolution-1d,1.38,-7.1,4.18,1.1092874598796154,1.1011250467291456,3.0707125401203843,3.078874953270854,6
637863,LUV,Southwest Airlines Earnings,1.0,train,2025-10-19,0.705,34.43,2025-10-22,33.76,poly<0.55,1.6,-2.9,-1.95,-0.5213764432659862,-0.9893037267137195,-1.4286235567340138,-0.9606962732862805,3
637869,COUR,Coursera Earnings,1.0,train,2025-10-17,0.775,10.03,2025-10-23,10.56,poly<0.55,7.38,-1.2,5.28,1.1092874598796154,1.1011250467291456,4.170712540120385,4.178874953270855,6
637847,RJF,Raymond James Financial Earnings,1.0,train,2025-10-18,0.765,164.98,2025-10-22,166.04,poly<0.55,0.79,-1.72,0.64,-0.5213764432659862,-0.9893037267137195,1.1613764432659863,1.6293037267137196,4
637864,AB,AllianceBernstein Earnings,1.0,train,2025-10-19,0.745,39.56,2025-10-23,39.31,resolution-1d,1.62,-1.39,-0.63,0.06852703426505347,-0.15697435523293057,-0.6985270342650535,-0.47302564476706943,4
637874,FCN,FTI Consulting Earnings,1.0,train,2025-10-19,0.805,152.66,2025-10-21,153.25,poly<0.55,0.0,-0.56,0.39,-0.0014911017141350236,-0.026159065683206695,0.39149110171413504,0.4161590656832067,2
637879,PCG,PG&E Earnings,1.0,train,2025-10-19,0.705,16.68,2025-10-21,16.75,poly<0.55,0.0,-0.9,0.42,-0.0014911017141350236,-0.026159065683206695,0.421491101714135,0.4461590656832067,2
637880,STBA,S&T Bancorp Earnings,1.0,train,2025-10-19,0.805,35.69,2025-10-23,36.31,resolution-1d,1.46,-2.38,1.74,0.06852703426505347,-0.15697435523293057,1.6714729657349465,1.8969743552329306,4
637883,SSNC,SS&C Technologies Earnings,1.0,train,2025-10-18,0.855,81.39,2025-10-23,80.88,resolution-1d,2.33,-1.71,-0.63,0.06852703426505347,-0.15697435523293057,-0.6985270342650535,-0.47302564476706943,5
637886,UNP,Union Pacific Earnings,1.0,train,2025-10-19,0.775,227.3,2025-10-23,220.04,resolution-1d,0.68,-3.61,-3.19,0.06852703426505347,-0.15697435523293057,-3.2585270342650534,-3.0330256447670694,4
642125,PIPR,Piper Sandler Earnings,1.0,train,2025-10-21,0.765,83.26,2025-10-28,86.48,resolution-1d,7.37,-1.18,3.87,2.349211227254111,3.5231734527321423,1.520788772745889,0.3468265472678578,7
642131,AMZN,Amazon Earnings,1.0,train,2025-10-21,0.86,222.03,2025-10-30,222.86,resolution-1d,4.86,-2.48,0.37,1.2721833100496793,2.3994868646330936,-0.9021833100496793,-2.0294868646330935,9
642130,GOOGL,Alphabet Earnings,1.0,train,2025-10-21,0.88,250.46,2025-10-29,274.57,resolution-1d,8.09,-2.52,9.63,2.398372856452502,3.9893379655280947,7.231627143547499,5.640662034471906,8
642139,BKNG,Booking Holdings Earnings,1.0,train,2025-10-25,0.76,210.18,2025-10-28,204.82,resolution-1d,0.0,-2.55,-2.55,0.2656014462314449,0.768991043985956,-2.8156014462314447,-3.318991043985956,3
642128,RCL,Royal Caribbean Earnings,1.0,train,2025-10-24,0.805,316.45,2025-10-28,292.95,resolution-1d,1.75,-9.3,-7.43,1.448504622900515,2.563605242278233,-8.878504622900515,-9.993605242278232,4
643017,EA,Electronic Arts Earnings,0.95,train,2025-10-22,0.83,200.75,2025-10-28,200.3,resolution-1d,0.07,-0.25,-0.22,2.884098550117975,4.530214061038995,-3.104098550117975,-4.750214061038995,6
643018,IART,Integra LifeSciences Earnings,0.9,train,2025-10-30,0.935,11.81,2025-11-03,11.49,resolution-1d,3.39,-6.44,-2.71,0.5163069704762879,0.9631865529033501,-3.226306970476288,-3.67318655290335,4
643022,JBLU,JetBlue Airways Earnings,0.95,train,2025-10-22,0.795,4.62,2025-10-28,4.16,resolution-1d,3.46,-12.12,-9.96,2.884098550117975,4.530214061038995,-12.844098550117977,-14.490214061038996,6
643023,LH,Labcorp Holdings Earnings,0.9,train,2025-10-22,0.78,282.84,2025-10-28,259.69,resolution-1d,1.29,-10.74,-8.18,2.884098550117975,4.530214061038995,-11.064098550117976,-12.710214061038995,6
643038,SOFI,SoFi Technologies Earnings,0.95,train,2025-10-22,0.795,27.19,2025-10-28,31.66,resolution-1d,11.07,-2.98,16.44,2.884098550117975,4.530214061038995,13.555901449882025,11.909785938961006,6
643047,UBER,Uber Technologies Earnings,0.98,train,2025-10-26,0.725,96.42,2025-11-04,94.67,resolution-1d,4.08,-6.58,-1.81,-1.4593427328401631,-1.407445824243747,-0.3506572671598369,-0.40255417575625296,9
643054,MSFT,Microsoft Earnings,1.0,train,2025-10-22,0.85,520.54,2025-10-29,541.55,resolution-1d,6.37,-0.54,4.04,2.933517102959593,5.0009132744133655,1.106482897040407,-0.9609132744133655,7
643033,MSCI,MSCI Earnings,0.9,train,2025-10-24,0.775,542.29,2025-10-28,593.76,resolution-1d,1.21,-0.65,9.49,1.448504622900515,2.563605242278233,8.041495377099485,6.926394757721767,4
643036,PYPL,PayPal Holdings Earnings,0.95,train,2025-10-24,0.805,69.77,2025-10-28,73.02,resolution-1d,3.01,-0.04,4.66,1.448504622900515,2.563605242278233,3.211495377099485,2.096394757721767,4
643053,PAG,Penske Automotive Group Earnings,0.9,train,2025-10-27,0.705,166.07,2025-10-29,160.8,resolution-1d,0.0,-8.37,-3.17,0.3137622504091109,1.2227534823679775,-3.483762250409111,-4.3927534823679775,2
643048,UPS,United Parcel Service Earnings,0.98,train,2025-10-22,0.755,87.08,2025-10-28,96.36,resolution-1d,2.57,-0.9,10.66,2.884098550117975,4.530214061038995,7.775901449882025,6.129785938961005,6
647504,ALL,Allstate Earnings,0.95,train,2025-10-24,0.825,193.19,2025-11-05,194.75,resolution-1d,1.15,-2.65,0.81,0.04872899074843673,1.0014671779997375,0.7612710092515633,-0.19146717799973745,12
647508,CVNA,Carvana Earnings,0.95,train,2025-10-24,0.85,70.24,2025-10-29,70.79,resolution-1d,6.01,-1.91,0.78,1.4972336136489517,3.0254488225486043,-0.7172336136489517,-2.245448822548604,5
647509,CAT,Caterpillar Earnings,0.98,train,2025-10-24,0.76,522.73,2025-10-27,527.07,poly<0.55,0.0,-0.33,0.83,1.1797696913067535,1.7809190899896299,-0.3497696913067535,-0.9509190899896299,3
647510,CMG,Chipotle Mexican Grill Earnings,1.0,train,2025-10-25,0.735,41.06,2025-10-29,39.76,resolution-1d,0.0,-3.58,-3.17,0.3137622504091109,1.2227534823679775,-3.483762250409111,-4.3927534823679775,4
647808,CVS,CVS Health Earnings,1.0,train,2025-10-24,0.83,81.93,2025-10-29,80.6,resolution-1d,2.21,-1.95,-1.62,1.4972336136489517,3.0254488225486043,-3.117233613648952,-4.645448822548604,5
647811,EBAY,eBay Earnings,1.0,train,2025-10-24,0.82,97.2,2025-10-29,99.54,resolution-1d,3.8,-1.46,2.41,1.4972336136489517,3.0254488225486043,0.9127663863510485,-0.6154488225486041,5
647816,GRMN,Garmin Earnings,1.0,train,2025-10-24,0.825,250.45,2025-10-29,219.61,resolution-1d,1.39,-14.81,-12.31,1.4972336136489517,3.0254488225486043,-13.807233613648952,-15.335448822548605,5
647818,KHC,Kraft Heinz Earnings,1.0,train,2025-10-24,0.8,25.25,2025-10-29,24.38,resolution-1d,1.66,-4.53,-3.45,1.4972336136489517,3.0254488225486043,-4.947233613648952,-6.475448822548604,5
647819,META,Meta Platforms Earnings,1.0,train,2025-10-24,0.85,738.36,2025-10-29,751.67,resolution-1d,2.71,-0.98,1.8,1.4972336136489517,3.0254488225486043,0.30276638635104836,-1.2254488225486042,5
647822,MGM,MGM Resorts Earnings,1.0,train,2025-10-24,0.755,32.81,2025-10-29,31.21,resolution-1d,1.65,-5.64,-4.88,1.4972336136489517,3.0254488225486043,-6.377233613648952,-7.905448822548604,5
647853,AAPL,Apple Earnings,1.0,train,2025-10-24,0.8,262.82,2025-10-30,271.4,resolution-1d,3.27,-1.38,3.26,0.38095490436969026,1.4503342345028036,2.8790450956303095,1.8096657654971962,6
647852,BUD,Anheuser-Busch Earnings,1.0,train,2025-10-24,0.75,61.29,2025-10-30,60.01,resolution-1d,1.44,-2.69,-2.09,0.38095490436969026,1.4503342345028036,-2.47095490436969,-3.5403342345028035,6
647860,CLX,Clorox Earnings,1.0,train,2025-10-24,0.85,115.85,2025-11-03,109.14,resolution-1d,0.85,-5.97,-5.79,0.899228771571603,2.4274902117250363,-6.689228771571603,-8.217490211725035,10
647869,COIN,Coinbase Earnings,1.0,train,2025-10-24,0.87,354.46,2025-11-03,330.42,resolution-1d,5.3,-8.06,-6.78,0.899228771571603,2.4274902117250363,-7.679228771571603,-9.207490211725037,10
647871,LLY,Eli Lilly Earnings,1.0,train,2025-10-24,0.765,825.45,2025-10-30,844.5,resolution-1d,0.59,-1.92,2.31,0.38095490436969026,1.4503342345028036,1.9290450956303098,0.8596657654971964,6
647847,PSKY,Paramount Group Earnings,1.0,train,2025-10-24,0.75,16.72,2025-10-27,16.57,poly<0.55,0.0,-2.15,-0.9,1.1797696913067535,1.7809190899896299,-2.0797696913067534,-2.68091908998963,3
647937,ICE,Intercontinental Exchange Earnings,1.0,train,2025-10-24,0.85,157.65,2025-10-30,148.52,resolution-1d,1.62,-7.36,-5.79,0.38095490436969026,1.4503342345028036,-6.17095490436969,-7.240334234502804,6
647938,MA,Mastercard Earnings,1.0,train,2025-10-24,0.85,573.67,2025-10-30,553.68,resolution-1d,0.36,-4.89,-3.48,0.38095490436969026,1.4503342345028036,-3.8609549043696902,-4.930334234502803,6
647962,RBLX,Roblox Earnings,1.0,train,2025-10-24,0.75,127.71,2025-10-30,113.0,resolution-1d,5.45,-12.4,-11.52,0.38095490436969026,1.4503342345028036,-11.90095490436969,-12.970334234502804,6
647966,ROKU,Roku Earnings,1.0,train,2025-10-24,0.75,96.29,2025-10-30,100.03,resolution-1d,3.96,-0.47,3.88,0.38095490436969026,1.4503342345028036,3.4990450956303096,2.4296657654971963,6
648017,SPGI,S&P Global Earnings,1.0,train,2025-10-24,0.79,489.45,2025-10-30,491.57,resolution-1d,1.79,-3.78,0.43,0.38095490436969026,1.4503342345028036,0.04904509563030973,-1.0203342345028037,6
647888,EL,Estée Lauder Earnings,1.0,train,2025-10-26,0.795,100.46,2025-10-30,97.61,resolution-1d,0.0,-8.03,-2.84,-0.7895004993332178,-0.32480042275363497,-2.050499500666782,-2.515199577246365,4
648379,RDDT,Reddit Earnings,1.0,train,2025-10-24,0.765,214.2,2025-10-30,194.42,resolution-1d,4.93,-9.52,-9.23,0.38095490436969026,1.4503342345028036,-9.610954904369692,-10.680334234502805,6
648033,SHAK,Shake Shack Earnings,1.0,train,2025-10-24,0.755,91.85,2025-10-30,91.38,resolution-1d,3.36,-7.16,-0.51,0.38095490436969026,1.4503342345028036,-0.8909549043696903,-1.9603342345028036,6
648228,CBOE,Cboe Global Markets Earnings,1.0,train,2025-10-24,0.85,238.75,2025-10-31,245.64,resolution-1d,0.85,-2.92,2.89,0.7102248148532775,1.9397232558493682,2.1797751851467226,0.9502767441506319,7
648038,TFX,Teleflex Earnings,1.0,train,2025-10-24,0.82,131.91,2025-11-06,108.51,resolution-1d,1.05,-22.23,-17.74,-1.024732734057765,-0.879921064755429,-16.715267265942234,-16.86007893524457,13
648377,FOXA,Fox Corporation Earnings,1.0,train,2025-10-26,0.875,61.27,2025-10-30,65.51,resolution-1d,1.45,-2.77,6.92,-0.7895004993332178,-0.32480042275363497,7.709500499333218,7.2448004227536345,4
648376,CL,Colgate-Palmolive Earnings,1.0,train,2025-10-26,0.84,77.83,2025-10-31,77.05,resolution-1d,0.0,-4.12,-1.0,-0.4640699201886367,0.1560254783309123,-0.5359300798113633,-1.1560254783309123,5
648240,CVX,Chevron Earnings,1.0,train,2025-10-29,0.745,155.1,2025-10-31,157.72,resolution-1d,0.08,-1.2,1.69,-0.7753992604285553,-1.0538421129028919,2.4653992604285553,2.743842112902892,2
648224,WAY,Waystar Holding Earnings,1.0,train,2025-10-26,0.785,39.33,2025-10-29,39.62,resolution-1d,1.59,-0.86,0.74,0.3137622504091109,1.2227534823679775,0.4262377495908891,-0.48275348236797755,3
652465,PLTR,Palantir Technologies Earnings,1.0,train,2025-10-29,0.835,198.81,2025-11-03,207.18,resolution-1d,2.7,-4.18,4.21,-0.589183390311554,-0.5803989379881247,4.799183390311554,4.790398937988124,5
652577,CRL,Charles River Laboratories Earnings,1.0,train,2025-10-28,0.82,187.93,2025-11-05,167.7,resolution-1d,1.85,-14.86,-10.76,-1.3797893200646616,-1.5230919979737245,-9.380210679935338,-9.236908002026276,8
652605,NYT,New York Times Earnings,0.95,train,2025-10-28,0.84,57.42,2025-11-05,57.61,resolution-1d,1.11,-2.59,0.33,-1.3797893200646616,-1.5230919979737245,1.7097893200646617,1.8530919979737246,8
652646,LYFT,Lyft Earnings,0.95,train,2025-10-28,0.855,20.03,2025-11-05,20.08,resolution-1d,5.17,-3.22,0.25,-1.3797893200646616,-1.5230919979737245,1.6297893200646616,1.7730919979737245,8
652657,FTDR,Frontdoor Earnings,0.95,train,2025-10-28,0.77,68.12,2025-11-05,55.26,resolution-1d,1.09,-23.39,-18.88,-1.3797893200646616,-1.5230919979737245,-17.500210679935336,-17.356908002026273,8
655260,MCD,McDonald's Earnings,0.98,train,2025-10-29,0.75,302.35,2025-11-05,305.67,resolution-1d,0.67,-2.62,1.1,-1.4271370473152745,-1.9645453309647731,2.5271370473152746,3.064545330964773,7
655266,APP,AppLovin Earnings,0.95,train,2025-10-29,0.86,631.2,2025-11-05,617.05,resolution-1d,3.75,-6.69,-2.24,-1.4271370473152745,-1.9645453309647731,-0.8128629526847257,-0.2754546690352271,7
655400,HOOD,Robinhood Markets Earnings,0.95,train,2025-10-29,0.82,144.8,2025-11-05,142.48,resolution-1d,3.92,-6.42,-1.6,-1.4271370473152745,-1.9645453309647731,-0.17286295268472562,0.36454533096477304,7
655439,DASH,DoorDash Earnings,0.95,train,2025-10-30,0.755,254.07,2025-11-04,239.93,poly<0.55,2.63,-6.96,-5.57,-0.6751727255465023,-1.0861732969504434,-4.8948272744534975,-4.483826703049557,5
655450,HUM,Humana Earnings,0.95,train,2025-10-30,0.735,285.61,2025-11-05,264.94,resolution-1d,0.54,-12.06,-7.24,-0.33096508589479656,-0.44245005192936615,-6.909034914105204,-6.797549948070634,6
655449,FIS,Fidelity National Information Services Earnings,0.95,train,2025-11-02,0.855,62.2,2025-11-05,64.75,resolution-1d,2.06,-1.8,4.1,-0.8429200016470406,-1.392226862903323,4.942920001647041,5.492226862903323,3
655388,ARM,Arm Holdings Earnings,0.95,train,2025-10-29,0.755,170.39,2025-11-05,160.19,resolution-1d,1.85,-8.25,-5.99,-1.4271370473152745,-1.9645453309647731,-4.562862952684726,-4.025454669035227,7
655399,QCOM,Qualcomm Earnings,0.95,train,2025-10-29,0.82,178.67,2025-11-05,179.72,resolution-1d,2.68,-3.57,0.59,-1.4271370473152745,-1.9645453309647731,2.0171370473152743,2.554545330964773,7
655448,TKO,TKO Group Holdings Earnings,0.95,train,2025-10-31,0.75,188.4,2025-11-05,187.24,poly<0.55,0.79,-2.13,-0.62,-0.6568308484276919,-0.920402810487142,0.03683084842769191,0.300402810487142,5
655460,HUBS,HubSpot Earnings,0.95,train,2025-10-29,0.825,466.12,2025-11-05,464.71,resolution-1d,6.83,-1.74,-0.3,-1.4271370473152745,-1.9645453309647731,1.1271370473152744,1.664545330964773,7
655451,ATO,Atmos Energy Earnings,0.95,train,2025-10-31,0.815,171.72,2025-11-05,172.59,resolution-1d,1.39,-1.4,0.51,-0.6568308484276919,-0.920402810487142,1.166830848427692,1.430402810487142,5
656746,PFE,Pfizer Earnings,1.0,train,2025-10-30,0.755,24.29,2025-10-31,24.65,poly<0.55,0.0,-0.58,1.48,0.32802030105936186,0.4823927146611062,1.1519796989406381,0.9976072853388938,1
656785,SONO,Sonos Earnings,1.0,train,2025-10-30,0.81,16.86,2025-10-31,17.17,poly<0.55,0.0,-2.55,1.84,0.32802030105936186,0.4823927146611062,1.5119796989406382,1.3576072853388939,1
657007,EXPE,Expedia Group Earnings,1.0,train,2025-10-31,0.805,220.0,2025-11-06,219.7,resolution-1d,0.0,-5.25,-0.14,-1.7227223473094244,-2.7659917356534613,1.5827223473094243,2.6259917356534612,6
657080,DBX,Dropbox Earnings,1.0,train,2025-10-30,0.795,28.76,2025-11-06,28.67,resolution-1d,3.58,-2.16,-0.31,-1.400352925280124,-2.296941963613275,1.0903529252801238,1.9869419636132748,7
656996,DDOG,Datadog Earnings,1.0,train,2025-10-30,0.815,157.07,2025-11-06,190.82,resolution-1d,5.42,-2.59,21.49,-1.400352925280124,-2.296941963613275,22.890352925280123,23.786941963613273,7
657005,DD,DuPont Earnings,1.0,train,2025-10-30,0.81,34.09,2025-11-03,34.69,poly<0.55,2.04,-2.19,1.77,0.5163069704762879,0.9631865529033501,1.253693029523712,0.8068134470966499,4
657013,RL,Ralph Lauren Earnings,1.0,train,2025-10-30,0.84,322.88,2025-11-06,315.04,resolution-1d,0.78,-5.06,-2.43,-1.400352925280124,-2.296941963613275,-1.0296470747198763,-0.1330580363867253,7
657018,USFD,US Foods Earnings,1.0,train,2025-11-04,0.74,73.39,2025-11-06,71.4,resolution-1d,1.21,-2.9,-2.71,-0.7301097013033941,-1.2240641243187356,-1.9798902986966058,-1.4859358756812644,2
657072,H,Hyatt Hotels Earnings,1.0,train,2025-11-03,0.86,136.66,2025-11-06,146.37,poly<0.55,2.1,-1.81,7.11,-1.9068148776291372,-3.2290269630192103,9.016814877629137,10.339026963019212,3
657073,AKAM,Akamai Technologies Earnings,1.0,train,2025-10-30,0.815,73.93,2025-11-06,73.0,resolution-1d,2.11,-4.21,-1.26,-1.400352925280124,-2.296941963613275,0.14035292528012389,1.0369419636132748,7
657079,MRNA,Moderna Earnings,1.0,train,2025-10-30,0.755,28.14,2025-11-06,24.33,resolution-1d,0.0,-16.56,-13.54,-1.400352925280124,-2.296941963613275,-12.139647074719875,-11.243058036386724,7
656755,MAR,Marriott International Earnings,1.0,train,2025-10-30,0.79,262.27,2025-11-04,272.24,resolution-1d,0.97,-2.1,3.8,-0.6751727255465023,-1.0861732969504434,4.475172725546502,4.886173296950443,5
656791,AMPL,Amplitude Earnings,1.0,train,2025-10-30,0.79,9.75,2025-11-05,9.64,resolution-1d,7.59,-4.51,-1.13,-0.33096508589479656,-0.44245005192936615,-0.7990349141052033,-0.6875499480706337,6
656855,COP,ConocoPhillips Earnings,1.0,train,2025-10-30,0.755,88.14,2025-11-06,85.66,resolution-1d,1.67,-2.92,-2.81,-1.400352925280124,-2.296941963613275,-1.4096470747198762,-0.5130580363867252,7
657004,ED,Consolidated Edison Earnings,1.0,train,2025-11-01,0.895,96.64,2025-11-06,96.99,resolution-1d,2.05,-1.18,0.36,-1.9068148776291372,-3.2290269630192103,2.266814877629137,3.58902696301921,5
657295,ICUI,ICU Medical Earnings,1.0,train,2025-10-31,0.825,120.09,2025-11-06,129.67,resolution-1d,7.57,-4.24,7.98,-1.7227223473094244,-2.7659917356534613,9.702722347309425,10.745991735653462,6
657445,AMD,Advanced Micro Devices Earnings,1.0,train,2025-10-31,0.815,256.12,2025-11-04,250.05,resolution-1d,1.87,-3.41,-2.37,-0.9999131086166457,-1.5610356891737176,-1.3700868913833544,-0.8089643108262825,4
656760,APO,Apollo Global Management Earnings,1.0,train,2025-10-31,0.785,124.31,2025-11-04,130.51,resolution-1d,0.27,-1.91,4.99,-0.9999131086166457,-1.5610356891737176,5.989913108616646,6.551035689173718,4
658481,MRX,Marex Group Earnings,1.0,train,2025-11-03,0.745,31.0,2025-11-06,32.05,resolution-1d,1.1,-2.68,3.39,-1.9068148776291372,-3.2290269630192103,5.296814877629137,6.619026963019211,3
658486,YELP,Yelp Earnings,1.0,train,2025-10-31,0.82,32.98,2025-11-05,32.16,poly<0.55,0.94,-5.09,-2.49,-0.6568308484276919,-0.920402810487142,-1.8331691515723083,-1.5695971895128582,5
658488,TRIP,Tripadvisor Earnings,1.0,train,2025-10-31,0.805,16.06,2025-11-06,15.42,resolution-1d,0.87,-8.84,-3.99,-1.7227223473094244,-2.7659917356534613,-2.267277652690576,-1.2240082643465389,6
658493,PZZA,Papa John's Earnings,1.0,train,2025-10-31,0.815,50.81,2025-11-06,42.82,poly<0.55,2.38,-24.72,-15.73,-1.7227223473094244,-2.7659917356534613,-14.007277652690576,-12.964008264346539,6
658526,BIRD,Allbirds Earnings,1.0,train,2025-11-01,0.765,8.6,2025-11-06,7.61,poly<0.55,0.0,-11.86,-11.51,-1.9068148776291372,-3.2290269630192103,-9.603185122370864,-8.28097303698079,5
658589,CELH,Celsius Holdings Earnings,1.0,train,2025-11-05,0.82,59.92,2025-11-06,45.06,poly<0.55,0.0,-28.44,-24.8,-1.0729388925125316,-1.8627335773642728,-23.72706110748747,-22.937266422635727,1
658568,KKR,KKR Earnings,1.0,train,2025-11-02,0.825,117.63,2025-11-07,121.32,resolution-1d,2.48,-4.71,3.14,-1.810234387888432,-3.5343668920786886,4.9502343878884325,6.674366892078689,5
658619,BEN,Franklin Resources Earnings,1.0,train,2025-11-01,0.82,22.84,2025-11-04,22.59,poly<0.55,0.0,-1.66,-1.09,-1.1853596017736279,-2.0298090024921778,0.09535960177362779,0.9398090024921777,3
658624,MKTX,MarketAxess Earnings,1.0,train,2025-11-01,0.775,159.16,2025-11-07,167.27,resolution-1d,5.13,-1.88,5.1,-1.810234387888432,-3.5343668920786886,6.910234387888432,8.634366892078688,6
658905,WEN,Wendy's Earnings,1.0,train,2025-11-01,0.81,8.43,2025-11-04,8.89,poly<0.55,0.0,-0.24,5.46,-1.1853596017736279,-2.0298090024921778,6.645359601773627,7.489809002492178,3
668496,CSCO,Cisco Systems Earnings,1.0,train,2025-11-07,0.885,71.07,2025-11-12,73.96,resolution-1d,2.01,-0.75,4.07,1.8495662580372718,1.8598135331602261,2.2204337419627285,2.210186466839774,5
668497,DIS,The Walt Disney Company Earnings,1.0,train,2025-11-07,0.905,110.74,2025-11-13,107.61,resolution-1d,5.73,-5.26,-2.83,0.15947171571590868,-0.2197601997201204,-2.9894717157159088,-2.6102398002798797,6
668506,AMAT,Applied Materials Earnings,1.0,train,2025-11-07,0.8,230.07,2025-11-13,223.23,resolution-1d,2.81,-4.54,-2.97,0.15947171571590868,-0.2197601997201204,-3.129471715715909,-2.75023980027988,6
668475,PXLW,Pixelworks Earnings,0.95,train,2025-11-07,0.835,6.28,2025-11-11,6.37,resolution-1d,1.59,-8.44,1.43,1.7929311030519646,1.9401740544025214,-0.36293110305196463,-0.5101740544025215,4
668512,GAMB,Gambling.com Group Earnings,0.95,train,2025-11-07,0.775,6.65,2025-11-13,5.25,resolution-1d,5.56,-27.7,-21.05,0.15947171571590868,-0.2197601997201204,-21.20947171571591,-20.83023980027988,6
668514,SPCE,Virgin Galactic Earnings,0.95,train,2025-11-08,0.805,3.59,2025-11-13,3.31,resolution-1d,6.82,-8.64,-7.8,-1.3794353692746064,-2.379531877387131,-6.420564630725393,-5.420468122612869,5
668520,SNEX,StoneX Group Earnings,0.95,train,2025-11-18,0.835,56.75,2025-11-24,56.0,resolution-1d,5.39,-3.65,-1.32,1.3104416366128024,1.4841232952945482,-2.6304416366128027,-2.8041232952945485,6
668460,CRCL,Circle Internet Group Earnings,0.95,train,2025-11-07,0.765,103.14,2025-11-12,86.3,resolution-1d,7.17,-16.75,-16.33,1.8495662580372718,1.8598135331602261,-18.17956625803727,-18.189813533160226,5
703122,FDX,FedEx Earnings,1.0,train,2025-12-05,0.94,221.02,2025-12-18,231.36,resolution-1d,5.16,-0.47,4.68,-1.3446355795553755,-2.617189299155409,6.024635579555375,7.297189299155409,13
674922,PD,PagerDuty Earnings,0.95,train,2025-11-11,0.855,16.11,2025-11-25,15.18,resolution-1d,1.3,-10.18,-5.77,-1.1683719573572504,-2.0399942928982395,-4.60162804264275,-3.73000570710176,14
675008,ACM,AECOM Earnings,0.95,train,2025-11-11,0.84,131.73,2025-11-18,127.14,resolution-1d,2.88,-6.18,-3.48,-3.3557808067578687,-4.063904221242298,-0.12421919324213127,0.5839042212422982,7
675024,AS,Amer Sports Earnings,0.95,train,2025-11-11,0.8,30.18,2025-11-18,33.36,resolution-1d,6.66,-1.52,10.54,-3.3557808067578687,-4.063904221242298,13.895780806757868,14.603904221242297,7
675495,DLB,Dolby Laboratories Earnings,0.95,train,2025-11-11,0.83,65.77,2025-11-18,64.96,resolution-1d,2.13,-2.66,-1.23,-3.3557808067578687,-4.063904221242298,2.1257808067578687,2.8339042212422982,7
675497,POWL,Powell Industries Earnings,0.95,train,2025-11-11,0.82,121.07,2025-11-18,107.22,resolution-1d,1.85,-15.55,-11.44,-3.3557808067578687,-4.063904221242298,-8.08421919324213,-7.376095778757701,7
675502,WB,Weibo Earnings,0.95,train,2025-11-11,0.805,10.71,2025-11-18,9.94,poly<0.55,1.31,-10.36,-7.19,-3.3557808067578687,-4.063904221242298,-3.8342191932421317,-3.126095778757702,7
675504,NVDA,NVIDIA Earnings,1.0,train,2025-11-11,0.895,193.16,2025-11-19,186.52,resolution-1d,1.41,-6.99,-3.44,-2.98242973897328,-3.4911614060091356,-0.4575702610267198,0.05116140600913566,8
674909,WSM,Williams-Sonoma Earnings,0.95,train,2025-11-11,0.805,191.49,2025-11-19,174.62,poly<0.55,1.57,-11.15,-8.81,-2.98242973897328,-3.4911614060091356,-5.82757026102672,-5.318838593990865,8
674910,WWD,Woodward Earnings,0.95,train,2025-11-12,0.835,274.03,2025-11-24,261.18,resolution-1d,0.0,-7.48,-4.69,-2.1437595934014397,-2.563283877640765,-2.5462404065985607,-2.1267161223592352,12
674923,BURL,Burlington Stores Earnings,0.95,train,2025-11-12,0.805,287.04,2025-11-25,249.65,resolution-1d,3.83,-13.95,-13.03,-1.2233289373159373,-1.9627104569430842,-11.806671062684062,-11.067289543056916,13
675496,URBN,Urban Outfitters Earnings,0.95,train,2025-11-11,0.755,61.37,2025-11-25,68.31,resolution-1d,5.49,-2.98,11.31,-1.1683719573572504,-2.0399942928982395,12.47837195735725,13.34999429289824,14
675505,PANW,Palo Alto Networks Earnings,0.98,train,2025-11-11,0.895,218.27,2025-11-19,199.9,resolution-1d,0.81,-9.1,-8.42,-2.98242973897328,-3.4911614060091356,-5.437570261026719,-4.928838593990864,8
675506,LOW,Lowe's Companies Earnings,0.98,train,2025-11-11,0.835,235.34,2025-11-19,228.41,poly<0.55,0.58,-7.03,-2.94,-2.98242973897328,-3.4911614060091356,0.04242973897328017,0.5511614060091357,8
675508,VIK,Viking Holdings Earnings,0.95,train,2025-11-13,0.74,59.52,2025-11-19,61.21,resolution-1d,0.54,-4.79,2.84,-1.4002103226288143,-1.4020428919427008,4.240210322628814,4.242042891942701,6
675509,DY,Dycom Industries Earnings,0.95,train,2025-11-11,0.835,290.61,2025-11-19,325.29,resolution-1d,3.4,-6.05,11.93,-2.98242973897328,-3.4911614060091356,14.91242973897328,15.421161406009135,8
675510,WIX,Wix.Com Earnings,0.95,train,2025-11-11,0.895,132.97,2025-11-19,101.7,resolution-1d,1.53,-25.31,-23.52,-2.98242973897328,-3.4911614060091356,-20.53757026102672,-20.028838593990862,8
675511,WMT,Walmart Earnings,1.0,train,2025-11-11,0.8,103.44,2025-11-20,107.11,resolution-1d,0.47,-4.41,3.55,-4.4611962962115665,-5.775700885023016,8.011196296211565,9.325700885023016,9
675513,INTU,Intuit Earnings,0.98,train,2025-11-11,0.835,654.32,2025-11-20,637.44,resolution-1d,1.91,-2.58,-2.58,-4.4611962962115665,-5.775700885023016,1.8811962962115665,3.195700885023016,9
675520,GAP,The Gap Earnings,0.95,train,2025-11-11,0.835,24.02,2025-11-20,23.06,resolution-1d,4.37,-4.2,-4.0,-4.4611962962115665,-5.775700885023016,0.46119629621156655,1.7757008850230163,9
675540,BBWI,Bath & Body Works Earnings,0.95,train,2025-11-15,0.875,21.45,2025-11-20,15.82,poly<0.55,0.0,-28.07,-26.25,-1.973944139081707,-2.9801529063891996,-24.276055860918294,-23.2698470936108,5
675603,ZM,Zoom Communications Earnings,0.95,train,2025-11-11,0.86,84.59,2025-11-24,78.6,resolution-1d,1.08,-8.48,-7.08,-2.0893147190702788,-2.6400942751936607,-4.990685280929721,-4.439905724806339,13
675612,BJ,BJ's Wholesale Club Earnings,0.95,train,2025-11-11,0.89,93.37,2025-11-21,91.61,resolution-1d,1.92,-7.17,-1.88,-3.5095125480417266,-5.0678120933800415,1.6295125480417267,3.1878120933800416,10
675613,ADI,Analog Devices Earnings,0.98,train,2025-11-11,0.8,233.41,2025-11-25,252.02,resolution-1d,3.68,-3.92,7.97,-1.1683719573572504,-2.0399942928982395,9.13837195735725,10.00999429289824,14
675614,DELL,Dell Technologies Earnings,0.98,train,2025-11-11,0.82,138.76,2025-11-25,125.92,resolution-1d,3.62,-16.0,-9.25,-1.1683719573572504,-2.0399942928982395,-8.08162804264275,-7.210005707101761,14
675615,ADSK,Autodesk Earnings,0.95,train,2025-11-11,0.855,301.86,2025-11-25,294.43,resolution-1d,0.44,-5.15,-2.46,-1.1683719573572504,-2.0399942928982395,-1.2916280426427496,-0.42000570710176044,14
675616,WDAY,Workday Earnings,1.0,train,2025-11-11,0.805,226.98,2025-11-25,233.69,resolution-1d,3.53,-4.59,2.96,-1.1683719573572504,-2.0399942928982395,4.128371957357251,4.99999429289824,14
675618,SMTC,Semtech Earnings,1.0,train,2025-11-11,0.765,72.0,2025-11-24,70.01,resolution-1d,4.86,-16.28,-2.76,-2.0893147190702788,-2.6400942751936607,-0.670685280929721,-0.1199057248063391,13
675620,KSS,Kohls Earnings,1.0,train,2025-11-12,0.735,18.06,2025-11-25,22.42,resolution-1d,1.83,-17.77,24.14,-1.2233289373159373,-1.9627104569430842,25.363328937315938,26.102710456943086,13
675621,DE,Deere Earnings,1.0,train,2025-11-11,0.775,477.95,2025-11-26,469.87,resolution-1d,4.72,-2.05,-1.69,-0.4860918483482801,-1.1744433783725028,-1.2039081516517198,-0.5155566216274972,15
675627,DKS,DICK'S Sporting Goods Earnings,1.0,train,2025-11-11,0.835,217.99,2025-11-25,206.73,poly<0.55,3.9,-9.55,-5.17,-1.1683719573572504,-2.0399942928982395,-4.00162804264275,-3.1300057071017604,14
675628,BBY,Best Buy Earnings,1.0,train,2025-11-11,0.835,77.68,2025-11-25,79.66,resolution-1d,1.07,-6.01,2.55,-1.1683719573572504,-2.0399942928982395,3.7183719573572502,4.58999429289824,14
675629,SJM,The J. M. Smucker Earnings,1.0,train,2025-11-12,0.745,109.83,2025-11-25,100.38,poly<0.55,2.3,-8.95,-8.6,-1.2233289373159373,-1.9627104569430842,-7.376671062684062,-6.637289543056916,13
675619,ANF,Abercrombie & Fitch Earnings,1.0,train,2025-11-12,0.825,71.24,2025-11-25,90.24,resolution-1d,1.82,-8.13,26.67,-1.2233289373159373,-1.9627104569430842,27.89332893731594,28.632710456943087,13
696247,MDB,MongoDB Earnings,1.0,train,2025-11-22,0.885,330.63,2025-12-01,328.87,resolution-1d,1.7,-2.83,-0.53,1.7256649768283117,1.9846008160815165,-2.255664976828312,-2.5146008160815168,9
696252,CRWD,CrowdStrike Earnings,1.0,train,2025-11-22,0.85,506.82,2025-12-02,516.55,resolution-1d,1.61,-2.72,1.92,1.9140832925051088,2.782739705662385,0.005916707494891149,-0.8627397056623849,10
696257,OKTA,Okta Earnings,1.0,train,2025-11-22,0.88,79.15,2025-12-02,81.87,resolution-1d,3.25,-1.38,3.44,1.9140832925051088,2.782739705662385,1.5259167074948912,0.6572602943376151,10
696258,AEO,American Eagle Outfitters Earnings,1.0,train,2025-11-22,0.84,19.1,2025-12-02,20.83,resolution-1d,11.41,-2.83,9.06,1.9140832925051088,2.782739705662385,7.145916707494892,6.277260294337616,10
696263,UNFI,United Natural Foods Earnings,1.0,train,2025-11-22,0.88,35.55,2025-12-02,35.95,resolution-1d,7.23,-3.66,1.13,1.9140832925051088,2.782739705662385,-0.7840832925051089,-1.652739705662385,10
696259,ASAN,Asana Earnings,1.0,train,2025-11-22,0.845,12.2,2025-12-02,13.39,resolution-1d,8.24,-1.23,9.75,1.9140832925051088,2.782739705662385,7.835916707494891,6.967260294337615,10
697446,CRM,Salesforce Earnings,1.0,train,2025-11-23,0.855,226.82,2025-12-03,238.72,resolution-1d,4.33,-0.78,5.25,2.2669888628383372,3.033916187700969,2.9830111371616628,2.216083812299031,10
697447,SNOW,Snowflake Earnings,1.0,train,2025-11-23,0.865,241.99,2025-12-03,265.0,resolution-1d,10.84,-2.45,9.51,2.2669888628383372,3.033916187700969,7.243011137161663,6.476083812299031,10
697448,DLTR,Dollar Tree Earnings,1.0,train,2025-11-23,0.8,100.25,2025-12-03,112.92,resolution-1d,11.67,-0.78,12.64,2.2669888628383372,3.033916187700969,10.373011137161663,9.606083812299032,10
697451,M,Macy's Earnings,1.0,train,2025-11-25,0.835,21.85,2025-12-03,22.46,resolution-1d,5.95,-6.0,2.79,1.314034378320672,2.402733585844663,1.475965621679328,0.387266414155337,8
697452,CXM,Sprinklr Earnings,1.0,train,2025-11-23,0.87,7.09,2025-12-03,7.77,resolution-1d,8.89,-0.85,9.59,2.2669888628383372,3.033916187700969,7.323011137161663,6.556083812299031,10
697469,RBRK,Rubrik Earnings,1.0,train,2025-11-23,0.85,67.39,2025-12-04,70.43,resolution-1d,6.34,-2.34,4.51,2.341757456232263,2.938070937588022,2.168242543767737,1.5719290624119777,11
697470,DOCU,DocuSign Earnings,1.0,train,2025-11-23,0.86,65.93,2025-12-04,71.1,resolution-1d,7.77,-1.0,7.84,2.341757456232263,2.938070937588022,5.498242543767737,4.901929062411978,11
697468,IOT,Samsara Earnings,1.0,train,2025-11-23,0.855,36.28,2025-12-04,40.71,resolution-1d,8.18,-1.1,12.21,2.341757456232263,2.938070937588022,9.868242543767739,9.271929062411978,11
697462,HPE,Hewlett Packard Enterprise Earnings,1.0,train,2025-11-23,0.795,21.09,2025-12-04,22.9,resolution-1d,6.26,-2.06,8.58,2.341757456232263,2.938070937588022,6.238242543767737,5.641929062411978,11
697463,DG,Dollar General Earnings,1.0,train,2025-11-23,0.765,101.69,2025-12-04,125.29,resolution-1d,10.01,-0.89,23.21,2.341757456232263,2.938070937588022,20.86824254376774,20.271929062411978,11
697472,KFY,Korn Ferry Earnings,1.0,train,2025-11-24,0.785,64.38,2025-12-09,67.57,resolution-1d,4.66,-0.28,4.95,2.1398767778533,3.2867366532993048,2.8101232221467,1.6632633467006954,15
697475,KR,Kroger Earnings,1.0,train,2025-11-23,0.78,64.29,2025-12-04,63.14,resolution-1d,5.76,-5.18,-1.79,2.341757456232263,2.938070937588022,-4.131757456232263,-4.728070937588022,11
697476,BBW,Build-A-Bear Workshop Earnings,1.0,train,2025-11-23,0.78,47.58,2025-12-04,48.48,resolution-1d,21.23,-4.37,1.89,2.341757456232263,2.938070937588022,-0.45175745623226304,-1.0480709375880222,11
701961,ADBE,Adobe Earnings,1.0,train,2025-11-25,0.895,319.55,2025-12-10,343.13,resolution-1d,9.09,-1.25,7.38,1.8592023095379773,3.074442058954374,5.520797690462023,4.305557941045626,15
701985,CPB,Campbell Soup Earnings,1.0,train,2025-11-25,0.835,30.42,2025-12-09,28.47,resolution-1d,1.05,-7.53,-6.41,1.1881067618798813,2.6540052810460013,-7.598106761879881,-9.064005281046,14
701993,GME,GameStop Earnings,1.0,train,2025-11-25,0.845,21.06,2025-12-09,23.11,resolution-1d,11.82,-3.56,9.73,1.1881067618798813,2.6540052810460013,8.54189323812012,7.075994718953999,14
701994,MTN,Vail Resorts Earnings,1.0,train,2025-12-06,0.765,143.94,2025-12-10,141.61,resolution-1d,2.06,-2.74,-1.62,0.5763355050633967,0.5334074291048596,-2.196335505063397,-2.1534074291048597,4
701955,CASY,Casey's General Stores Earnings,1.0,train,2025-11-26,0.815,571.18,2025-12-09,563.24,resolution-1d,0.45,-2.99,-1.39,0.49434813261677313,1.754923391824481,-1.884348132616773,-3.1449233918244808,13
703120,ACN,Accenture Earnings,1.0,train,2025-12-05,0.855,266.59,2025-12-18,269.96,resolution-1d,5.45,-1.91,1.26,-1.3446355795553755,-2.617189299155409,2.6046355795553753,3.8771892991554093,13
703110,MU,Micron Technology Earnings,1.0,train,2025-11-25,0.805,224.53,2025-12-17,225.52,resolution-1d,17.91,-3.8,0.44,-0.5362796676313897,-1.3927049713243322,0.9762796676313896,1.8327049713243322,22
703111,GIS,General Mills Earnings,1.0,train,2025-12-03,0.8,46.2,2025-12-17,48.61,resolution-1d,2.58,-2.27,5.22,-1.8263156307079087,-3.7063840234179524,7.046315630707909,8.926384023417953,14
703171,FDS,FactSet Earnings,0.95,train,2025-12-06,0.77,286.89,2025-12-10,288.2,poly<0.55,1.24,-1.55,0.46,0.5763355050633967,0.5334074291048596,-0.11633550506339668,-0.07340742910485959,4
701960,CHWY,Chewy Earnings,0.95,train,2025-12-03,0.73,33.95,2025-12-10,35.37,resolution-1d,3.53,-2.92,4.18,0.5380971496817377,0.655947795130496,3.641902850318262,3.5240522048695038,7
899880,KBH,KB Home Earnings,0.95,train,2025-12-09,0.88,61.69,2025-12-18,62.75,resolution-1d,7.28,-0.75,1.72,-0.961877420878543,-2.550196424719542,2.6818774208785428,4.270196424719542,9
899881,CAG,Conagra Brands Earnings,0.95,train,2025-12-12,0.795,17.75,2025-12-19,17.35,poly<0.55,1.69,-3.94,-2.25,-0.1716121352671407,0.5589766798792528,-2.0783878647328593,-2.808976679879253,7
899879,LEN,Lennar Earnings,1.0,train,2025-12-11,0.915,119.15,2025-12-16,117.57,resolution-1d,1.85,-2.06,-1.33,-1.4945496827176052,-2.210751096906849,0.16454968271760517,0.8807510969068488,5
973542,WDFC,WD-40 Earnings,1.0,train,2025-12-20,0.9,202.03,2026-01-08,203.5,resolution-1d,2.51,-4.76,0.73,0.683380190557159,0.20347679878547353,0.04661980944284094,0.5265232012145264,19
973541,JEF,Jefferies Earnings,1.0,train,2025-12-20,0.82,63.3,2026-01-07,64.67,resolution-1d,5.21,-2.84,2.16,0.6936027746250018,0.7767958185286306,1.4663972253749984,1.3832041814713696,18
1069150,DAL,Delta Air Lines Earnings,1.0,train,2025-12-31,0.84,69.4,2026-01-13,69.33,poly<0.55,5.42,-1.87,-0.1,1.7377459112611238,1.9420150613198128,-1.8377459112611239,-2.042015061319813,13
1099135,WFC,Wells Fargo Earnings,1.0,embargo,2026-01-04,0.925,96.38,2026-01-13,93.56,poly<0.55,0.2,-3.44,-2.93,0.8797256275602239,1.3349730789120384,-3.809725627560224,-4.264973078912039,9
1099149,MS,Morgan Stanley Earnings,1.0,embargo,2026-01-04,0.905,186.54,2026-01-15,191.23,resolution-1d,1.22,-4.08,2.51,0.6572470953008391,0.6132848626015042,1.8527529046991607,1.8967151373984956,11
1099181,GS,Goldman Sachs Earnings,1.0,embargo,2026-01-04,0.94,948.44,2026-01-15,975.86,resolution-1d,1.07,-3.78,2.89,0.6572470953008391,0.6132848626015042,2.232752904699161,2.276715137398496,11
1099187,STT,State Street Earnings,1.0,embargo,2026-01-04,0.91,133.01,2026-01-12,133.09,poly<0.55,1.17,-3.34,0.06,1.0818360318662235,1.4854597680942438,-1.0218360318662234,-1.4254597680942438,8
1099134,BAC,Bank of America Earnings,1.0,embargo,2026-01-04,0.93,56.89,2026-01-14,52.48,resolution-1d,0.91,-9.19,-7.75,0.3838793056625045,0.25243087804740494,-8.133879305662504,-8.002430878047406,10
1099148,C,Citigroup Earnings,1.0,embargo,2026-01-04,0.945,123.3,2026-01-09,121.32,poly<0.55,0.71,-3.24,-1.61,0.9233462588852159,1.401322726344345,-2.5333462588852163,-3.0113227263443454,5
1099182,PNC,PNC Financial Services Earnings,1.0,embargo,2026-01-04,0.9,215.8,2026-01-16,223.18,resolution-1d,2.2,-2.91,3.42,0.5729079580716556,0.5291379444527733,2.8470920419283443,2.8908620555472266,12
1099457,MTB,M&T Bank Earnings,1.0,embargo,2026-01-04,0.85,209.45,2026-01-16,212.28,resolution-1d,2.88,-2.69,1.35,0.5729079580716556,0.5291379444527733,0.7770920419283445,0.8208620555472268,12
1114909,TSM,Taiwan Semiconductor Earnings,1.0,embargo,2026-01-05,0.94,322.25,2026-01-15,341.64,resolution-1d,4.4,-1.9,6.02,0.6572470953008391,0.6132848626015042,5.36275290469916,5.406715137398495,10
1118155,IBKR,Interactive Brokers Earnings,1.0,embargo,2026-01-06,0.84,72.88,2026-01-14,71.35,poly<0.55,0.0,-4.87,-2.1,-0.20959688529341713,-0.6207685385896999,-1.890403114706583,-1.4792314614103002,8
1118261,BFC,Bank First Earnings,0.9,embargo,2026-01-07,0.83,122.0,2026-01-09,122.61,poly<0.55,3.39,-0.61,0.5,0.6511195398793079,0.4214616198993326,-0.15111953987930793,0.07853838010066738,2
1118157,WTFC,Wintrust Financial Earnings,1.0,embargo,2026-01-09,0.75,145.9,2026-01-14,144.32,poly<0.55,0.0,-2.67,-1.08,-0.534531377743741,-1.1330146564236587,-0.545468622256259,0.05301465642365866,5
1118263,USB,US Bancorp Earnings,1.0,embargo,2026-01-07,0.865,54.87,2026-01-08,55.53,poly<0.55,0.0,-0.31,1.2,-0.010152168346500012,-0.5688998296547787,1.2101521683465,1.7688998296547787,1
1118342,KEY,KeyCorp Earnings,1.0,embargo,2026-01-08,0.735,21.5,2026-01-20,21.09,resolution-1d,0.65,-6.19,-1.91,-1.7302131233506546,-2.0000924670807385,-0.17978687664934534,0.09009246708073859,12
1118344,MBWM,Mercantile Bank Earnings,0.9,embargo,2026-01-06,0.765,48.76,2026-01-20,50.63,resolution-1d,4.27,-2.79,3.84,-2.0569203276864734,-2.463826276447112,5.896920327686473,6.303826276447111,14
1118262,NFLX,Netflix Earnings,1.0,embargo,2026-01-06,0.75,90.65,2026-01-20,87.26,resolution-1d,1.95,-4.0,-3.74,-2.0569203276864734,-2.463826276447112,-1.6830796723135268,-1.2761737235528883,14
1118343,MMM,3M Earnings,1.0,embargo,2026-01-07,0.88,162.91,2026-01-20,156.12,resolution-1d,6.23,-6.04,-4.17,-1.7401896375481174,-2.557613774097356,-2.4298103624518825,-1.612386225902644,13
1118156,UAL,United Airlines Earnings,1.0,embargo,2026-01-08,0.84,115.47,2026-01-14,110.75,poly<0.55,2.75,-4.98,-4.09,0.12327240705707343,-0.1482719476518235,-4.213272407057073,-3.9417280523481764,6
1125126,TFC,Truist Financial Earnings,0.95,embargo,2026-01-13,0.755,49.69,2026-01-20,49.14,poly<0.55,2.03,-1.95,-1.11,-2.333626704184355,-2.903039243625638,1.223626704184355,1.793039243625638,7
1125566,UNTY,Unity Bancorp Earnings,0.9,embargo,2026-01-08,0.82,53.09,2026-01-21,54.5,resolution-1d,6.23,-3.5,2.66,-0.5960733409743457,-0.6752851232271428,3.256073340974346,3.335285123227143,13
1139368,AAL,American Airlines Earnings,0.97,embargo,2026-01-09,0.775,15.99,2026-01-22,15.02,resolution-1d,1.69,-8.38,-6.07,-0.7333592867802885,-0.9399209158165833,-5.336640713219712,-5.130079084183417,13
1139580,PG,Procter & Gamble Earnings,0.98,embargo,2026-01-09,0.875,141.87,2026-01-22,149.93,resolution-1d,3.88,-0.73,5.68,-0.7333592867802885,-0.9399209158165833,6.413359286780288,6.619920915816583,13
1139906,COF,Capital One Earnings,0.96,embargo,2026-01-09,0.775,249.2,2026-01-22,235.07,resolution-1d,0.0,-10.01,-5.67,-0.7333592867802885,-0.9399209158165833,-4.936640713219711,-4.730079084183417,13
1139951,MKC,McCormick & Company Earnings,0.95,embargo,2026-01-13,0.815,67.42,2026-01-22,61.2,resolution-1d,2.02,-10.13,-9.23,-0.6904361571773321,-0.8750607681088929,-8.539563842822668,-8.354939231891107,9
1160451,UBSI,United Bankshares Earnings,0.92,val,2026-01-11,0.825,39.85,2026-01-23,41.46,resolution-1d,9.86,-0.55,4.04,-0.8530400058791021,-0.7095384550106498,4.893040005879103,4.74953845501065,12
1175892,UNP,Union Pacific Earnings,1.0,val,2026-01-23,0.715,229.65,2026-01-27,232.55,resolution-1d,1.15,-0.21,1.26,0.9082613848816479,1.350532273790983,0.35173861511835214,-0.09053227379098305,4
1175891,TXN,Texas Instruments Earnings,1.0,val,2026-01-21,0.745,194.41,2026-01-27,196.63,resolution-1d,2.58,-1.69,1.14,1.4721280217254495,2.409614928278647,-0.33212802172544964,-1.2696149282786473,6
1198857,LMT,Lockheed Martin Earnings,1.0,val,2026-01-16,0.785,582.43,2026-01-20,576.06,poly<0.55,0.0,-1.55,-1.09,-2.0356759970762806,-2.12471622179754,0.9456759970762805,1.03471622179754,4
1198858,KMI,Kinder Morgan Earnings,1.0,val,2026-01-16,0.755,27.96,2026-01-21,28.58,resolution-1d,1.36,-2.04,2.22,-0.9050615871276757,-0.8015935985689393,3.125061587127676,3.0215935985689395,5
1230449,PLTR,Palantir Technologies Earnings,1.0,val,2026-01-21,0.895,165.33,2026-02-02,147.76,resolution-1d,4.03,-12.21,-10.63,1.460453512388793,1.5999196603550425,-12.090453512388795,-12.229919660355044,12
1230450,DIS,Walt Disney Earnings,1.0,val,2026-01-21,0.805,113.19,2026-02-02,104.45,resolution-1d,0.97,-8.34,-7.72,1.460453512388793,1.5999196603550425,-9.180453512388793,-9.319919660355042,12
1230451,PEP,PepsiCo Earnings,1.0,val,2026-01-21,0.86,146.74,2026-02-03,162.85,resolution-1d,6.73,-2.51,10.98,0.6025685345347309,0.03894175098433372,10.37743146546527,10.941058249015667,13
1230452,PFE,Pfizer Earnings,1.0,val,2026-01-21,0.8,25.89,2026-02-03,25.77,resolution-1d,3.63,-2.43,-0.46,0.6025685345347309,0.03894175098433372,-1.0625685345347309,-0.49894175098433374,13
1230454,CMG,Chipotle Mexican Grill Earnings,1.0,val,2026-01-21,0.78,40.72,2026-02-03,39.17,resolution-1d,1.5,-7.1,-3.81,0.6025685345347309,0.03894175098433372,-4.412568534534731,-3.8489417509843338,13
1230455,FOXA,Fox Corp Earnings,1.0,val,2026-01-21,0.805,72.7,2026-02-03,70.27,resolution-1d,1.02,-3.93,-3.34,0.6025685345347309,0.03894175098433372,-3.9425685345347308,-3.3789417509843336,13
1237791,CME,CME Group Earnings,1.0,val,2026-01-22,0.825,281.39,2026-02-04,294.62,resolution-1d,5.25,-1.15,4.7,-0.40494326488929033,-2.4180052724872225,5.1049432648892905,7.118005272487222,13
1237793,AFL,Aflac Earnings,0.95,val,2026-01-22,0.825,108.3,2026-02-04,113.62,resolution-1d,4.57,-1.83,4.91,-0.40494326488929033,-2.4180052724872225,5.3149432648892905,7.328005272487223,13
1238102,LLY,Eli Lilly Earnings,0.98,val,2026-01-22,0.78,1087.38,2026-02-04,1107.12,resolution-1d,0.0,-8.63,1.82,-0.40494326488929033,-2.4180052724872225,2.2249432648892906,4.238005272487222,13
1238190,GOOGL,Alphabet Earnings,1.0,val,2026-01-22,0.925,330.54,2026-02-04,333.04,resolution-1d,5.58,-1.21,0.76,-0.40494326488929033,-2.4180052724872225,1.1649432648892903,3.1780052724872228,13
1238098,UBER,Uber Earnings,0.95,val,2026-01-22,0.76,82.56,2026-02-04,73.92,poly<0.55,1.21,-12.94,-10.47,-0.40494326488929033,-2.4180052724872225,-10.06505673511071,-8.051994727512778,13
1238100,NYT,New York Times Earnings,0.9,val,2026-01-22,0.865,71.26,2026-02-04,67.63,resolution-1d,3.9,-17.39,-5.09,-0.40494326488929033,-2.4180052724872225,-4.6850567351107095,-2.6719947275127773,13
1237795,F,Ford Motor Earnings,0.95,val,2026-01-22,0.835,13.71,2026-02-10,13.57,resolution-1d,2.77,-2.7,-1.02,0.45574831453030207,-1.4965588820722409,-1.475748314530302,0.47655888207224084,19
1238099,QCOM,Qualcomm Earnings,0.98,val,2026-01-22,0.905,157.8,2026-02-04,148.89,resolution-1d,0.11,-8.56,-5.65,-0.40494326488929033,-2.4180052724872225,-5.24505673511071,-3.231994727512778,13
1238195,ARM,Arm Holdings Earnings,0.95,val,2026-01-22,0.825,119.2,2026-02-04,104.9,resolution-1d,2.22,-14.79,-12.0,-0.40494326488929033,-2.4180052724872225,-11.59505673511071,-9.581994727512777,13
1237792,ORLY,O'Reilly Automotive Earnings,0.95,val,2026-01-22,0.825,98.88,2026-02-04,96.74,resolution-1d,3.27,-2.29,-2.16,-0.40494326488929033,-2.4180052724872225,-1.7550567351107098,0.2580052724872224,13
1244865,META,Meta Platforms Earnings,1.0,val,2026-01-23,0.855,658.76,2026-01-28,668.73,resolution-1d,2.74,-2.17,1.51,0.8981040605918533,1.6861511584644218,0.6118959394081467,-0.17615115846442175,5
1244866,AAPL,Apple Earnings,1.0,val,2026-01-23,0.805,248.04,2026-01-29,258.28,resolution-1d,5.61,-1.35,4.13,0.6978799087240084,1.0775344116682017,3.4321200912759915,3.052465588331798,6
1244871,MSFT,Microsoft Earnings,1.0,val,2026-01-23,0.865,465.95,2026-01-28,481.63,resolution-1d,3.63,-3.31,3.37,0.8981040605918533,1.6861511584644218,2.471895939408147,1.6838488415355783,5
1244920,IBM,IBM Earnings,0.98,val,2026-01-23,0.77,292.44,2026-01-28,294.16,resolution-1d,1.67,-0.91,0.59,0.8981040605918533,1.6861511584644218,-0.30810406059185336,-1.096151158464422,5
1244935,V,Visa Earnings,0.95,val,2026-01-23,0.825,326.18,2026-01-29,331.8,resolution-1d,1.78,-0.82,1.72,0.6978799087240084,1.0775344116682017,1.0221200912759916,0.6424655883317982,6
1244959,AXP,American Express Earnings,0.95,val,2026-01-23,0.755,361.69,2026-01-30,352.17,resolution-1d,0.88,-4.75,-2.63,0.3975436809222188,-0.13649403037094832,-3.0275436809222187,-2.4935059696290516,7
1244960,XOM,Exxon Mobil Earnings,0.95,val,2026-01-23,0.77,134.97,2026-01-30,141.4,resolution-1d,5.46,-0.59,4.76,0.3975436809222188,-0.13649403037094832,4.362456319077781,4.896494030370948,7
1244936,MA,Mastercard Earnings,0.95,val,2026-01-23,0.825,524.74,2026-01-29,543.73,resolution-1d,1.08,-1.23,3.62,0.6978799087240084,1.0775344116682017,2.9221200912759917,2.5424655883317984,6
1244937,VZ,Verizon Earnings,0.95,val,2026-01-25,0.79,39.62,2026-01-30,44.52,resolution-1d,1.72,-1.09,12.37,-0.1097122669803774,-0.5739818260719676,12.479712266980377,12.943981826071967,5
1244921,T,AT&T Earnings,0.95,val,2026-01-25,0.795,23.45,2026-01-28,24.07,resolution-1d,0.21,-2.13,2.64,0.38831904454113,1.240678613797641,2.25168095545887,1.399321386202359,3
1254014,AMZN,Amazon Earnings,1.0,val,2026-01-24,0.855,238.42,2026-02-05,222.69,resolution-1d,3.93,-7.57,-6.6,-2.181222955203699,-4.545453214757844,-4.4187770447963,-2.054546785242156,12
1254473,ICE,Intercontinental Exchange Earnings,0.9,val,2026-01-24,0.775,175.1,2026-02-05,168.29,resolution-1d,0.54,-9.29,-3.89,-2.181222955203699,-4.545453214757844,-1.7087770447963013,0.6554532147578436,12
1254013,EFX,Equifax Earnings,0.9,val,2026-01-24,0.785,214.49,2026-02-04,181.04,resolution-1d,0.26,-22.6,-15.6,-0.944087626021084,-3.1512840597696767,-14.655912373978916,-12.448715940230322,11
1254472,COP,ConocoPhillips Earnings,0.95,val,2026-01-24,0.795,98.45,2026-02-05,104.98,poly<0.55,10.05,-0.69,6.63,-2.181222955203699,-4.545453214757844,8.811222955203698,11.175453214757844,12
1254527,ALL,Allstate Earnings,0.9,val,2026-01-25,0.87,196.02,2026-02-04,207.12,resolution-1d,4.14,-1.71,5.66,-0.944087626021084,-3.1512840597696767,6.604087626021084,8.811284059769676,10
1254528,MCHP,Microchip Technology Earnings,0.95,val,2026-01-26,0.745,74.79,2026-02-05,78.04,resolution-1d,8.88,-1.12,4.35,-2.181222955203699,-4.545453214757844,6.531222955203699,8.895453214757843,10
1268876,RL,Ralph Lauren Earnings,0.9,val,2026-01-27,0.825,357.79,2026-02-05,338.66,resolution-1d,0.75,-10.56,-5.35,-2.569410828064611,-5.403003394248252,-2.7805891719353886,0.05300339424825218,9
1268878,RDDT,Reddit Earnings,1.0,val,2026-01-27,0.815,196.3,2026-02-05,151.05,resolution-1d,2.46,-25.45,-23.05,-2.569410828064611,-5.403003394248252,-20.48058917193539,-17.64699660575175,9
1268941,TW,Tradeweb Markets Earnings,1.0,val,2026-01-27,0.705,103.85,2026-02-05,109.53,resolution-1d,1.78,-6.54,5.47,-2.569410828064611,-5.403003394248252,8.03941082806461,10.87300339424825,9
1268968,CBOE,Cboe Global Markets Earnings,1.0,val,2026-01-27,0.705,268.04,2026-02-06,273.36,resolution-1d,3.47,-4.58,1.98,-0.7002250478898131,-3.4034161428814325,2.680225047889813,5.383416142881432,10
1279292,CVS,CVS Health Earnings,1.0,val,2026-01-28,0.76,74.03,2026-02-10,75.7,resolution-1d,6.66,-3.53,2.26,-0.4745316318290338,-3.4348253381599525,2.7345316318290336,5.694825338159952,13
1279293,LYFT,Lyft Earnings,1.0,val,2026-01-31,0.705,17.26,2026-02-10,16.85,resolution-1d,0.61,-9.15,-2.38,-0.4730990573038496,-2.342933465696062,-1.9069009426961503,-0.037066534303937804,10
1279298,SPGI,S&P Global Earnings,1.0,val,2026-01-29,0.81,528.63,2026-02-10,401.08,resolution-1d,0.69,-25.11,-24.13,-0.2766386621723682,-2.853378800127726,-23.853361337827632,-21.276621199872274,12
1279299,HOOD,Robinhood Markets Earnings,1.0,val,2026-01-29,0.8,101.24,2026-02-10,85.6,resolution-1d,3.02,-29.01,-15.45,-0.2766386621723682,-2.853378800127726,-15.17336133782763,-12.596621199872274,12
1279474,AMD,Advanced Micro Devices Earnings,1.0,val,2026-01-29,0.83,252.18,2026-02-03,242.11,resolution-1d,0.0,-6.99,-3.99,-0.649811087725416,-2.051057829266989,-3.3401889122745843,-1.9389421707330112,5
1279575,KO,Coca-Cola Earnings,1.0,val,2026-01-29,0.82,73.43,2026-02-10,76.81,resolution-1d,7.86,-0.39,4.6,-0.2766386621723682,-2.853378800127726,4.876638662172368,7.453378800127726,12
1279999,BP,BP Earnings,1.0,val,2026-02-03,0.705,38.82,2026-02-06,39.01,poly<0.55,1.78,-3.3,0.49,0.15807372761182936,-1.1143182539977925,0.33192627238817063,1.6043182539977925,3
1280185,CRSP,CRISPR Therapeutics Earnings,1.0,val,2026-02-01,0.71,51.31,2026-02-10,48.83,resolution-1d,3.29,-11.26,-4.83,-0.4730990573038496,-2.342933465696062,-4.35690094269615,-2.487066534303938,9
1280186,MAR,Marriott International Earnings,1.0,val,2026-02-03,0.8,318.42,2026-02-10,359.35,resolution-1d,4.88,-0.74,12.85,0.37561320178520763,-0.8191216291669856,12.474386798214791,13.669121629166986,7
1280193,FIS,Fidelity National Information Services Earnings,1.0,val,2026-02-03,0.785,50.94,2026-02-10,50.55,resolution-1d,3.51,-1.71,-0.77,0.37561320178520763,-0.8191216291669856,-1.1456132017852076,0.04912162916698559,7
1293041,PAG,Penske Automotive Group Earnings,1.0,val,2026-02-09,0.705,166.51,2026-02-11,173.22,poly<0.55,1.04,-1.91,4.03,-0.2867627637970771,-0.19696932514483567,4.316762763797078,4.226969325144836,2
1293042,EXPE,Expedia Group Earnings,1.0,val,2026-01-29,0.765,272.77,2026-02-12,227.24,resolution-1d,2.84,-19.48,-16.69,-1.8399456660104119,-4.573976194708196,-14.85005433398959,-12.116023805291805,14
1293043,PINS,Pinterest Earnings,1.0,val,2026-01-29,0.75,22.35,2026-02-03,20.77,poly<0.55,0.18,-10.02,-7.07,-0.649811087725416,-2.051057829266989,-6.420188912274584,-5.018942170733011,5
1293048,WYNN,Wynn Resorts Earnings,1.0,val,2026-01-30,0.735,107.45,2026-02-10,116.86,poly<0.55,10.93,-0.81,8.76,0.021680769457388394,-1.6723791943206168,8.738319230542611,10.432379194320617,11
1293442,TOST,Toast Earnings,1.0,val,2026-01-30,0.735,31.11,2026-02-12,26.14,resolution-1d,3.41,-16.71,-15.98,-1.546302820193568,-3.413893681226632,-14.433697179806433,-12.566106318773368,13
1293448,ABNB,Airbnb Earnings,1.0,val,2026-01-30,0.725,129.37,2026-02-10,120.32,poly<0.55,2.4,-7.75,-7.0,0.021680769457388394,-1.6723791943206168,-7.021680769457388,-5.327620805679383,11
1293473,BUD,Anheuser-Busch Earnings,1.0,val,2026-01-30,0.73,71.68,2026-02-12,80.2,resolution-1d,8.2,-0.85,11.89,-1.546302820193568,-3.413893681226632,13.436302820193568,15.303893681226633,13
1293498,DKNG,DraftKings Earnings,1.0,val,2026-01-31,0.715,27.42,2026-02-03,26.76,poly<0.55,0.0,-6.18,-2.41,-0.8455363130712823,-1.5363967949866497,-1.5644636869287178,-0.8736032050133504,3
1293499,AMAT,Applied Materials Earnings,1.0,val,2026-01-29,0.8,341.34,2026-02-12,328.39,resolution-1d,0.88,-15.78,-3.79,-1.8399456660104119,-4.573976194708196,-1.9500543339895882,0.7839761947081962,14
1293861,PANW,Palo Alto Networks Earnings,1.0,val,2026-01-29,0.84,176.2,2026-02-17,163.5,resolution-1d,1.08,-13.9,-7.21,-1.6122994057505724,-4.469123684943666,-5.597700594249428,-2.740876315056334,19
1321395,ACM,AECOM Earnings,1.0,val,2026-02-04,0.71,95.9,2026-02-09,102.7,resolution-1d,7.1,-1.22,7.09,1.1308835363405878,1.4147762813402798,5.959116463659412,5.67522371865972,5
1321402,DD,DuPont De Nemours Earnings,1.0,val,2026-02-03,0.825,45.3,2026-02-10,49.43,resolution-1d,6.03,-1.94,9.12,0.37561320178520763,-0.8191216291669856,8.74438679821479,9.939121629166985,7
1321481,WMB,The Williams Companies Earnings,1.0,val,2026-02-03,0.775,68.5,2026-02-10,68.84,resolution-1d,0.66,-4.31,0.5,0.37561320178520763,-0.8191216291669856,0.12438679821479237,1.3191216291669856,7
1321482,APP,AppLovin Earnings,1.0,val,2026-02-03,0.775,461.79,2026-02-11,456.81,resolution-1d,4.38,-22.02,-1.08,0.3524128859564213,-0.5531100486047769,-1.4324128859564214,-0.5268899513952232,8
1321483,HUM,Humana Earnings,1.0,val,2026-02-04,0.725,192.07,2026-02-11,175.4,resolution-1d,2.44,-11.69,-8.68,0.8408778196593802,1.2150202809017685,-9.520877819659379,-9.895020280901768,7
1321484,KHC,Kraft Heinz Earnings,1.0,val,2026-02-03,0.76,23.87,2026-02-11,24.99,resolution-1d,5.47,-2.51,4.69,0.3524128859564213,-0.5531100486047769,4.337587114043579,5.243110048604777,8
1321485,HUBS,HubSpot Earnings,1.0,val,2026-02-03,0.84,245.16,2026-02-11,209.33,resolution-1d,2.7,-15.48,-14.61,0.3524128859564213,-0.5531100486047769,-14.962412885956422,-14.056889951395222,8
1321486,GT,Goodyear Tire & Rubber Earnings,1.0,val,2026-02-04,0.73,10.22,2026-02-10,9.1,poly<0.55,3.91,-14.09,-10.96,0.8641910629246796,0.9442791090590097,-11.82419106292468,-11.904279109059011,6
1321490,ROKU,Roku Earnings,1.0,val,2026-02-07,0.79,88.52,2026-02-12,82.93,resolution-1d,3.75,-11.29,-6.31,-1.8272198937577588,-2.226851235948979,-4.482780106242241,-4.083148764051021,5
1321491,YELP,Yelp Earnings,1.0,val,2026-02-03,0.755,25.07,2026-02-12,22.83,resolution-1d,1.36,-11.49,-8.93,-1.1979187873873864,-2.575748455806237,-7.732081212612613,-6.354251544193763,9
1321492,BGC,BGC Group Earnings,1.0,val,2026-02-03,0.76,9.14,2026-02-12,9.5,resolution-1d,4.27,-5.47,3.94,-1.1979187873873864,-2.575748455806237,5.137918787387386,6.5157484558062375,9
1321493,TRIP,Tripadvisor Earnings,1.0,val,2026-02-03,0.85,12.55,2026-02-12,10.32,resolution-1d,5.26,-21.91,-17.77,-1.1979187873873864,-2.575748455806237,-16.572081212612613,-15.194251544193762,9
1326168,TSEM,Tower Semiconductor Earnings,1.0,val,2026-02-03,0.76,136.4,2026-02-11,134.44,resolution-1d,9.66,-16.03,-1.44,0.3524128859564213,-0.5531100486047769,-1.7924128859564212,-0.8868899513952231,8
1326457,WEN,Wendy's Earnings,1.0,val,2026-02-03,0.76,7.78,2026-02-13,7.48,resolution-1d,5.91,-9.0,-3.86,-1.1283089881971353,-2.3681366636227663,-2.7316910118028646,-1.4918633363772336,10
1326458,MRNA,Moderna Earnings,1.0,val,2026-02-03,0.76,42.2,2026-02-13,42.23,resolution-1d,7.82,-13.14,0.07,-1.1283089881971353,-2.3681366636227663,1.1983089881971354,2.438136663622766,10
1326501,LH,Labcorp Holdings Earnings,1.0,val,2026-02-03,0.76,272.2,2026-02-17,276.67,resolution-1d,7.28,-4.27,1.64,-0.9687835811515333,-2.46870032701505,2.608783581151533,4.1087003270150495,14
1326546,SUN,Sunoco Earnings,1.0,val,2026-02-03,0.76,57.67,2026-02-04,57.77,poly<0.55,0.0,-1.14,0.17,-0.48439179057576665,-1.7469050785145046,0.6543917905757667,1.9169050785145045,1
1326547,CZR,Caesars Entertainment Earnings,1.0,val,2026-02-03,0.76,20.56,2026-02-05,20.31,poly<0.55,9.68,-2.29,-1.22,-1.727268381890834,-3.1612907313526617,0.5072683818908341,1.9412907313526617,2
1326576,WAY,Waystar Earnings,1.0,val,2026-02-03,0.76,24.5,2026-02-13,22.41,poly<0.55,1.18,-12.45,-8.53,-1.1283089881971353,-2.3681366636227663,-7.401691011802864,-6.161863336377233,10
1339362,LZB,La-Z-Boy Earnings,1.0,val,2026-02-05,0.755,38.51,2026-02-17,37.93,resolution-1d,1.77,-4.31,-1.51,0.7718161368372112,0.715199954200374,-2.281816136837211,-2.2251999542003738,12
1339376,AMPL,Amplitude Earnings,1.0,val,2026-02-05,0.75,7.31,2026-02-18,7.18,resolution-1d,4.65,-17.99,-1.78,1.2794756607878544,1.4672542921811527,-3.0594756607878546,-3.247254292181153,13
1339377,MCO,Moody's Earnings,1.0,val,2026-02-05,0.755,457.7,2026-02-18,450.76,resolution-1d,1.72,-12.11,-1.52,1.2794756607878544,1.4672542921811527,-2.7994756607878544,-2.9872542921811527,13
1339470,WING,Wingstop Earnings,1.0,val,2026-02-05,0.755,266.17,2026-02-18,279.08,resolution-1d,6.68,-18.06,4.85,1.2794756607878544,1.4672542921811527,3.5705243392121453,3.382745707818847,13
1339583,ADI,Analog Devices Earnings,1.0,val,2026-02-05,0.755,322.12,2026-02-18,346.37,resolution-1d,6.78,-2.71,7.53,1.2794756607878544,1.4672542921811527,6.250524339212146,6.062745707818848,13
1339584,OXY,Occidental Petroleum Earnings,1.0,val,2026-02-06,0.78,46.31,2026-02-17,45.94,poly<0.55,2.98,-3.15,-0.8,-1.1250788546791957,-1.3696442691229271,0.3250788546791956,0.5696442691229271,11
1339585,GRMN,Garmin Earnings,1.0,val,2026-02-05,0.755,198.69,2026-02-18,237.46,resolution-1d,11.2,-0.54,19.51,1.2794756607878544,1.4672542921811527,18.230524339212145,18.04274570781885,13
1339586,BKNG,Booking Holdings Earnings,1.0,val,2026-02-05,0.755,177.74,2026-02-18,170.8,resolution-1d,1.81,-9.52,-3.9,1.2794756607878544,1.4672542921811527,-5.179475660787855,-5.367254292181153,13
1339587,CRL,Charles River Laboratories Earnings,1.0,val,2026-02-05,0.755,183.7,2026-02-18,158.0,resolution-1d,4.25,-20.34,-13.99,1.2794756607878544,1.4672542921811527,-15.269475660787855,-15.457254292181153,13
1339766,DE,Deere Earnings,1.0,val,2026-02-05,0.755,565.73,2026-02-18,593.27,poly<0.55,10.7,-0.8,4.87,1.2794756607878544,1.4672542921811527,3.5905243392121458,3.4027457078188474,13
1339770,TXRH,Texas Roadhouse Earnings,1.0,val,2026-02-05,0.755,185.96,2026-02-09,187.67,poly<0.55,2.98,-0.58,0.92,2.4099077960383353,2.8959980535160357,-1.4899077960383353,-1.9759980535160357,4
1339772,HHH,Howard Hughes Holdings Earnings,1.0,val,2026-02-05,0.755,80.04,2026-02-17,82.76,poly<0.55,6.9,-0.5,3.4,0.7718161368372112,0.715199954200374,2.6281838631627887,2.684800045799626,12
1339773,OPEN,Opendoor Technologies Earnings,1.0,val,2026-02-05,0.755,4.7,2026-02-10,4.69,poly<0.55,7.23,-0.43,-0.21,2.1398424049591913,2.4186289964771124,-2.3498424049591913,-2.6286289964771123,5
1339782,AKAM,Akamai Technologies Earnings,1.0,val,2026-02-05,0.755,91.49,2026-02-19,109.59,resolution-1d,24.06,-0.39,19.78,1.0123646588049873,1.0786628963763034,18.767635341195014,18.701337103623697,14
1339788,WMT,Walmart Earnings,1.0,val,2026-02-05,0.83,126.94,2026-02-19,124.87,resolution-1d,6.11,-2.0,-1.63,1.0123646588049873,1.0786628963763034,-2.642364658804987,-2.7086628963763033,14
1339793,ED,Consolidated Edison Earnings,1.0,val,2026-02-05,0.755,108.87,2026-02-19,111.92,resolution-1d,5.86,-2.54,2.8,1.0123646588049873,1.0786628963763034,1.7876353411950126,1.7213371036236964,14
1339807,DBX,Dropbox Earnings,1.0,val,2026-02-05,0.755,24.44,2026-02-19,24.73,resolution-1d,3.46,-3.33,1.19,1.0123646588049873,1.0786628963763034,0.17763534119501267,0.11133710362369653,14
1360921,DPZ,Domino's Pizza Earnings,0.95,val,2026-02-10,0.775,389.73,2026-02-20,384.61,poly<0.55,0.27,-4.88,-1.31,-0.38866128133616673,-0.43501288239430336,-0.9213387186638333,-0.8749871176056967,10
1360923,BBBY,Bed Bath & Beyond Earnings,0.95,val,2026-02-11,0.73,5.22,2026-02-23,5.07,poly<0.55,5.94,-8.05,-2.87,-1.3830289352463332,-1.9083056036548474,-1.486971064753667,-0.9616943963451527,12
1360933,WIX,Wix.com Earnings,0.95,val,2026-02-13,0.795,69.23,2026-02-18,68.77,resolution-1d,0.0,-4.38,-0.66,0.6659300370141175,0.6429417907803714,-1.3259300370141176,-1.3029417907803715,5
1362778,AS,Amer Sports Earnings,0.95,val,2026-02-11,0.735,39.81,2026-02-24,38.24,resolution-1d,7.41,-4.55,-3.94,-0.6662301636410017,-0.8546574610704405,-3.273769836358998,-3.0853425389295595,13
1363711,IMAX,IMAX Earnings,0.95,val,2026-02-15,0.72,37.86,2026-02-25,36.52,resolution-1d,3.35,-4.86,-3.54,1.5083911834787411,2.5577923158228932,-5.048391183478741,-6.097792315822893,10
1363712,ZM,Zoom Communications Earnings,0.95,val,2026-02-11,0.82,92.15,2026-02-24,87.51,poly<0.55,1.58,-10.16,-5.04,-0.6662301636410017,-0.8546574610704405,-4.373769836358998,-4.185342538929559,13
1363713,CRM,Salesforce Earnings,0.98,val,2026-02-11,0.795,185.0,2026-02-25,191.75,resolution-1d,4.57,-5.64,3.65,0.17197560604929052,0.5822784507695911,3.4780243939507094,3.067721549230409,14
1363685,NVDA,NVIDIA Earnings,1.0,val,2026-02-11,0.865,190.05,2026-02-25,195.56,resolution-1d,2.05,-5.72,2.9,0.17197560604929052,0.5822784507695911,2.7280243939507094,2.317721549230409,14
1367586,SNOW,Snowflake Earnings,0.98,val,2026-02-12,0.795,172.91,2026-02-25,169.21,resolution-1d,7.35,-10.57,-2.14,1.7438026835507214,2.6704810928609435,-3.8838026835507216,-4.810481092860943,13
1921505,CME,CME Group Earnings,0.95,test,2026-04-09,0.885,298.93,2026-04-22,285.71,resolution-1d,0.65,-8.14,-4.42,4.603557833306171,7.361638625744238,-9.023557833306171,-11.781638625744238,13
1367628,TKO,TKO Group Holdings Earnings,0.95,val,2026-02-15,0.75,210.14,2026-02-23,205.95,poly<0.55,2.12,-2.68,-1.99,-0.06735900328697086,0.018291261233205347,-1.9226409967130291,-2.0082912612332056,8
1369192,IART,Integra Lifesciences Earnings,1.0,val,2026-02-19,0.71,12.05,2026-02-26,11.33,resolution-1d,2.74,-12.03,-5.98,0.7041852883583166,0.9561402905478689,-6.684185288358317,-6.936140290547869,7
1369345,ADSK,Autodesk Earnings,1.0,val,2026-02-12,0.805,223.49,2026-02-26,233.45,resolution-1d,4.54,-3.79,4.46,1.1786763003667433,1.4318019739279597,3.2813236996332567,3.0281980260720402,14
1369346,WDAY,Workday Earnings,1.0,val,2026-02-12,0.82,144.04,2026-02-24,130.23,resolution-1d,2.32,-12.64,-9.59,0.8924443877437627,1.2037127551320026,-10.482444387743762,-10.793712755132002,12
1369348,IONQ,IonQ Earnings,1.0,val,2026-02-15,0.735,33.18,2026-02-25,33.59,resolution-1d,5.14,-9.07,1.24,1.5083911834787411,2.5577923158228932,-0.26839118347874114,-1.3177923158228932,10
1369365,INTU,Intuit Earnings,1.0,val,2026-02-12,0.815,397.96,2026-02-26,394.42,resolution-1d,2.37,-12.3,-0.89,1.1786763003667433,1.4318019739279597,-2.0686763003667434,-2.32180197392796,14
1369373,DELL,Dell Technologies Earnings,1.0,val,2026-02-12,0.78,112.82,2026-02-26,121.45,resolution-1d,10.75,-1.44,7.65,1.1786763003667433,1.4318019739279597,6.471323699633257,6.218198026072041,14
1369645,RKLB,Rocket Lab Earnings,1.0,val,2026-02-15,0.73,69.89,2026-02-26,72.65,resolution-1d,11.89,-7.0,3.95,0.9445723713318754,1.320472742823342,3.0054276286681247,2.629527257176658,11
1369669,REAL,The RealReal Earnings,1.0,val,2026-02-14,0.705,10.9,2026-02-26,12.39,resolution-1d,11.51,-3.21,13.67,0.9445723713318754,1.320472742823342,12.725427628668125,12.349527257176657,12
1369670,SHAK,Shake Shack Earnings,1.0,val,2026-02-12,0.75,88.93,2026-02-26,98.61,resolution-1d,8.87,-2.27,10.88,1.1786763003667433,1.4318019739279597,9.701323699633257,9.448198026072042,14
1369671,FTDR,Frontdoor Earnings,1.0,val,2026-02-12,0.77,57.14,2026-02-26,65.76,resolution-1d,2.17,-5.9,15.09,1.1786763003667433,1.4318019739279597,13.911323699633257,13.65819802607204,14
1369679,ICUI,ICU Medical Earnings,1.0,val,2026-02-12,0.82,142.02,2026-02-19,149.74,resolution-1d,8.6,-0.96,5.44,0.47117308049291484,0.47115676373041815,4.9688269195070855,4.968843236269582,7
1386999,TBPH,Theravance Biopharma Earnings,1.0,val,2026-02-21,0.78,19.26,2026-02-25,19.06,resolution-1d,1.77,-3.43,-1.04,1.5768123118226507,2.539036632766356,-2.6168123118226507,-3.579036632766356,4
1387000,URBN,Urban Outfitters Earnings,1.0,val,2026-02-20,0.725,68.35,2026-02-25,65.46,resolution-1d,0.0,-7.08,-4.23,0.5395807809061681,1.2926849343386504,-4.7695807809061685,-5.522684934338651,5
1387001,SPCE,Virgin Galactic Earnings,1.0,val,2026-02-20,0.775,2.46,2026-02-25,2.58,resolution-1d,6.1,-2.85,4.88,0.5395807809061681,1.2926849343386504,4.340419219093832,3.5873150656613495,5
1387102,TFX,Teleflex Earnings,1.0,val,2026-02-24,0.7,112.12,2026-02-26,119.02,resolution-1d,0.61,-3.67,6.15,0.2837000474712914,0.2253763351032667,5.866299952528709,5.924623664896734,2
1390924,AMC,AMC Entertainment Earnings,1.0,val,2026-02-22,0.74,1.15,2026-02-24,1.17,resolution-1d,0.0,0.0,1.74,0.7268513358970052,1.074146133440279,1.0131486641029948,0.6658538665597209,2
1399734,BBY,Best Buy Earnings,1.0,val,2026-02-27,0.795,61.97,2026-03-03,65.95,resolution-1d,0.55,-2.36,6.42,-0.8250810106715245,-0.9402363194017549,7.245081010671525,7.360236319401755,4
1399738,GTLB,GitLab Earnings,1.0,val,2026-02-21,0.8,24.03,2026-03-03,26.7,resolution-1d,17.89,-2.41,11.11,-0.30187979225561046,0.02827421441373712,11.41187979225561,11.081725785586261,10
1399646,MDB,MongoDB Earnings,1.0,val,2026-02-20,0.87,344.56,2026-03-02,325.01,resolution-1d,0.0,-15.1,-5.67,-0.44239267588740416,-0.11825868596313516,-5.227607324112595,-5.551741314036865,10
1399647,ASAN,Asana Earnings,1.0,val,2026-02-20,0.84,7.26,2026-03-02,7.3,resolution-1d,6.75,-10.33,0.55,-0.44239267588740416,-0.11825868596313516,0.9923926758874042,0.6682586859631352,10
1399648,TGT,Target Earnings,1.0,val,2026-02-20,0.755,116.69,2026-03-03,120.8,resolution-1d,1.72,-4.78,3.52,-1.3199274302847064,-1.1875594188241245,4.839927430284707,4.7075594188241245,11
1399742,BOX,Box Earnings,1.0,val,2026-02-20,0.79,22.87,2026-03-03,23.92,resolution-1d,5.18,-5.51,4.59,-1.3199274302847064,-1.1875594188241245,5.909927430284706,5.777559418824124,11
1403852,GAP,The Gap Earnings,1.0,val,2026-02-22,0.725,27.04,2026-03-05,27.2,poly<0.55,5.14,-4.14,0.59,-0.15826976753171573,1.2470694426275575,0.7482697675317157,-0.6570694426275575,11
1403853,COST,Costco Earnings,1.0,val,2026-02-22,0.78,986.02,2026-03-05,982.57,resolution-1d,3.53,-0.81,-0.35,-0.15826976753171573,1.2470694426275575,-0.19173023246828425,-1.5970694426275576,11
1404331,MRVL,Marvell Technology Earnings,1.0,val,2026-02-21,0.8,77.79,2026-03-05,75.68,resolution-1d,6.47,-3.28,-2.71,-0.15826976753171573,1.2470694426275575,-2.5517302324682842,-3.9570694426275574,12
1404417,SWBI,Smith & Wesson Earnings,1.0,val,2026-02-22,0.71,11.64,2026-03-05,11.79,resolution-1d,3.87,-1.55,1.29,-0.15826976753171573,1.2470694426275575,1.4482697675317158,0.04293055737244256,11
1404329,IOT,Samsara Earnings,1.0,val,2026-02-21,0.8,24.72,2026-03-05,29.58,resolution-1d,19.84,-2.39,19.66,-0.15826976753171573,1.2470694426275575,19.818269767531717,18.41293055737244,12
1404416,MRX,Marex Group Earnings,1.0,val,2026-02-24,0.8,40.49,2026-03-03,41.44,resolution-1d,10.22,-4.17,2.35,-1.0213077392065895,-1.0347571154801227,3.3713077392065895,3.384757115480123,7
1420756,BURL,Burlington Stores Earnings,1.0,val,2026-02-24,0.825,308.07,2026-03-05,321.47,resolution-1d,2.52,-6.2,4.35,-0.8787340135125388,0.1710855998317884,5.228734013512538,4.178914400168211,9
1420816,M,Macy's Earnings,1.0,val,2026-02-24,0.82,20.83,2026-03-18,17.72,resolution-1d,0.29,-19.35,-14.93,-3.771002230422793,-2.1336750962061557,-11.158997769577207,-12.796324903793844,22
1420842,KR,Kroger Earnings,1.0,val,2026-02-25,0.735,67.59,2026-03-05,71.57,resolution-1d,3.23,-1.7,5.89,-1.7081477946246149,-1.2599759394715915,7.598147794624614,7.149975939471592,8
1421510,CASY,Caseys General Stores Earnings,1.0,val,2026-02-24,0.815,681.48,2026-03-09,664.54,resolution-1d,1.25,-7.92,-2.49,-1.3210091477703467,-0.018093564815824248,-1.1689908522296535,-2.471906435184176,13
1421535,KFY,Korn Ferry Earnings,1.0,val,2026-02-24,0.75,59.54,2026-03-10,62.59,resolution-1d,9.47,-0.99,5.12,-1.479593114335498,-0.01644686968275133,6.599593114335498,5.136446869682752,14
1421646,UNFI,United Natural Foods Earnings,1.0,val,2026-02-24,0.755,38.52,2026-03-10,37.68,resolution-1d,3.82,-9.55,-2.18,-1.479593114335498,-0.01644686968275133,-0.7004068856645023,-2.163553130317249,14
1421676,ORCL,Oracle Earnings,1.0,val,2026-02-24,0.815,146.14,2026-03-09,151.56,resolution-1d,8.93,-5.07,3.71,-1.3210091477703467,-0.018093564815824248,5.031009147770346,3.728093564815824,13
1421384,HPE,Hewlett Packard Enterprise Earnings,1.0,val,2026-02-27,0.775,21.47,2026-03-09,21.81,resolution-1d,3.21,-4.05,1.58,-1.1253765817322514,0.07739823729810968,2.7053765817322515,1.5026017627018904,10
1428249,MTN,Vail Resorts Earnings,1.0,val,2026-02-24,0.825,141.84,2026-03-02,134.92,poly<0.55,0.49,-7.09,-4.88,-0.1411174419986172,0.03619717045564297,-4.738882558001382,-4.916197170455643,6
1428288,DKS,DICK'S Sporting Goods Earnings,1.0,val,2026-02-28,0.75,204.04,2026-03-12,197.6,resolution-1d,0.0,-7.05,-3.16,-2.9604602668587443,-1.7809890989081811,-0.19953973314125584,-1.379010901091819,12
1428289,PXLW,Pixelworks Earnings,1.0,val,2026-02-24,0.76,5.92,2026-03-12,5.93,resolution-1d,9.8,-2.53,0.17,-3.0973999830573806,-1.7454365961124707,3.2673999830573806,1.9154365961124706,16
1428532,CBRL,Cracker Barrel Earnings,1.0,val,2026-02-27,0.7,32.72,2026-03-03,30.71,poly<0.55,0.0,-6.66,-6.14,-0.8250810106715245,-0.9402363194017549,-5.314918989328476,-5.199763680598245,4
1428531,CPB,Campbell's Earnings,1.0,val,2026-03-02,0.735,26.32,2026-03-04,25.09,resolution-1d,0.42,-4.94,-4.67,-0.1821148621911628,0.43743081238913906,-4.487885137808837,-5.107430812389139,2
1435106,CXM,Sprinklr Earnings,1.0,val,2026-03-02,0.775,5.77,2026-03-11,5.96,resolution-1d,6.24,-3.12,3.29,-1.4642017135514607,-0.06578374852340696,4.754201713551461,3.355783748523407,9
1435177,PD,PagerDuty Earnings,1.0,val,2026-02-27,0.83,7.06,2026-03-12,7.27,resolution-1d,14.09,-4.53,2.97,-2.9052891382528756,-1.651594563489922,5.875289138252876,4.621594563489922,13
1435538,RBRK,Rubrik Earnings,1.0,val,2026-02-27,0.755,51.96,2026-03-12,54.02,resolution-1d,11.93,-3.71,3.96,-2.9052891382528756,-1.651594563489922,6.865289138252876,5.611594563489922,13
1435537,ADBE,Adobe Earnings,1.0,val,2026-02-27,0.765,262.41,2026-03-12,269.78,resolution-1d,8.75,-3.56,2.81,-2.9052891382528756,-1.651594563489922,5.715289138252876,4.461594563489922,13
1435757,GAMB,Gambling.com Group Earnings,1.0,val,2026-03-01,0.865,4.38,2026-03-12,4.35,resolution-1d,3.42,-9.02,-0.68,-2.9604602668587443,-1.7809890989081811,2.280460266858744,1.100989098908181,11
1435763,DG,Dollar General Earnings,1.0,val,2026-03-02,0.72,152.62,2026-03-12,135.95,resolution-1d,1.89,-15.58,-10.92,-2.9604602668587443,-1.7809890989081811,-7.959539733141256,-9.139010901091819,10
1435762,PLBY,Playboy Earnings,1.0,val,2026-02-28,0.875,1.87,2026-03-16,1.77,resolution-1d,2.14,-12.03,-5.35,-2.5277507302823743,-1.2679079794362003,-2.8222492697176254,-4.082092020563799,16
1435682,BBW,Build-A-Bear Workshop Earnings,1.0,val,2026-03-05,0.71,45.24,2026-03-12,41.57,poly<0.55,2.52,-11.83,-8.11,-2.2383349803535624,-1.913248902583009,-5.8716650196464375,-6.196751097416991,7
1486741,DOCU,DocuSign Earnings,1.0,val,2026-03-03,0.8,46.74,2026-03-17,47.54,resolution-1d,7.64,-5.05,1.71,-1.4022663740912322,0.2875727949074536,3.112266374091232,1.4224272050925464,14
1486791,WB,Weibo Earnings,0.9,val,2026-03-04,0.73,9.66,2026-03-18,8.64,poly<0.55,3.31,-11.39,-10.56,-3.4591992816144446,-2.595165875716332,-7.100800718385556,-7.964834124283668,14
1494817,LULU,Lululemon Athletica Earnings,1.0,val,2026-03-05,0.75,173.18,2026-03-17,159.27,resolution-1d,0.0,-9.55,-8.03,-1.5440870630032522,-0.9196721737070757,-6.485912936996748,-7.110327826292924,12
1499779,MU,Micron Technology Earnings,1.0,val,2026-03-04,0.805,400.77,2026-03-18,461.73,resolution-1d,15.46,-10.75,15.21,-3.4591992816144446,-2.595165875716332,18.669199281614446,17.805165875716334,14
1499778,GIS,General Mills Earnings,1.0,val,2026-03-04,0.835,43.56,2026-03-16,38.98,poly<0.55,2.02,-11.41,-10.51,-2.349915413307768,-1.6979116033053576,-8.160084586692232,-8.812088396694643,12
1508634,ACN,Accenture Earnings,1.0,val,2026-03-07,0.745,209.36,2026-03-19,203.55,resolution-1d,0.0,-10.68,-2.78,-2.7231089693520283,-2.425297814520455,-0.05689103064797152,-0.3547021854795447,12
1508633,FDX,FedEx Earnings,1.0,val,2026-03-08,0.765,290.98,2026-03-19,286.95,resolution-1d,2.04,-4.69,-1.38,-2.7231089693520283,-2.425297814520455,1.3431089693520284,1.0452978145204552,11
1545610,PDD,PDD Holdings Earnings,0.9,val,2026-03-12,0.83,101.62,2026-03-25,102.61,poly<0.55,4.06,-6.15,0.97,-1.387260947698954,-1.5805515666636794,2.357260947698954,2.550551566663679,13
1545608,DBI,Designer Brands Earnings,1.0,val,2026-03-14,0.765,5.36,2026-03-19,5.61,resolution-1d,5.04,-1.31,4.66,-1.3796154282651019,-1.2258878196649947,6.039615428265102,5.885887819664995,5
1545005,WSM,Williams-Sonoma Earnings,1.0,val,2026-03-10,0.845,188.39,2026-03-18,184.1,resolution-1d,0.0,-6.92,-2.28,-2.325821815521467,-2.11757650157105,0.04582181552146736,-0.16242349842894965,8
1555597,CHWY,Chewy Earnings,1.0,val,2026-03-11,0.865,25.7,2026-03-25,26.57,resolution-1d,0.89,-11.52,3.39,-2.8846878406452947,-3.2697584356101705,6.274687840645295,6.65975843561017,14
1555598,CTAS,Cintas Earnings,1.0,val,2026-03-11,0.78,198.34,2026-03-25,176.85,resolution-1d,0.88,-12.48,-10.83,-2.8846878406452947,-3.2697584356101705,-7.945312159354705,-7.5602415643898295,14
1555635,PAYX,Paychex Earnings,1.0,val,2026-03-11,0.82,94.0,2026-03-25,93.36,resolution-1d,1.96,-5.31,-0.68,-2.8846878406452947,-3.2697584356101705,2.2046878406452945,2.5897584356101704,14
1555415,GME,GameStop Earnings,1.0,val,2026-03-21,0.875,23.03,2026-03-24,22.81,resolution-1d,0.0,-2.52,-0.96,-0.33568497522664664,-0.6836767910289088,-0.6243150247733533,-0.2763232089710912,3
1562685,BABA,Alibaba Earnings,0.9,val,2026-03-12,0.873,134.2,2026-03-19,124.9,poly<0.55,3.7,-9.72,-6.93,-0.9398567379171108,-0.7099069358484034,-5.9901432620828885,-6.220093064151596,7
1651878,NKE,Nike Earnings,1.0,val,2026-03-21,0.805,52.71,2026-03-31,52.82,resolution-1d,2.86,-3.34,0.21,-0.769016141748935,-1.8401373000372034,0.9790161417489349,2.0501373000372034,10
1652245,LW,Lamb Weston Holdings Earnings,1.0,val,2026-03-19,0.785,40.64,2026-04-01,38.48,resolution-1d,4.23,-6.05,-5.31,-0.6911181635281594,-1.468756818621575,-4.61888183647184,-3.8412431813784247,13
1652246,MSM,MSC Industrial Direct Earnings,1.0,val,2026-03-19,0.81,86.88,2026-04-01,91.55,poly<0.55,7.48,-1.99,5.38,-0.6911181635281594,-1.468756818621575,6.071118163528159,6.848756818621575,13
1651875,FDS,FactSet Research Systems Earnings,1.0,val,2026-03-25,0.72,193.88,2026-03-31,216.99,resolution-1d,6.4,-1.37,11.92,-0.9865686788604999,-1.810080384448176,12.9065686788605,13.730080384448176,6
1798060,GS,Goldman Sachs Earnings,1.0,val,2026-03-31,0.875,845.99,2026-04-13,890.79,resolution-1d,8.53,-4.25,5.3,5.498654127653135,6.966634755692813,-0.1986541276531355,-1.6666347556928134,13
1798061,JPM,JPMorgan Chase Earnings,1.0,val,2026-03-31,0.81,294.16,2026-04-14,311.12,resolution-1d,6.66,-3.13,5.77,6.784142647734148,8.908829752011238,-1.0141426477341486,-3.1388297520112385,14
1798165,WFC,Wells Fargo Earnings,1.0,val,2026-03-31,0.81,79.61,2026-04-14,81.7,resolution-1d,8.91,-2.71,2.63,6.784142647734148,8.908829752011238,-4.154142647734148,-6.278829752011238,14
1798062,JNJ,Johnson & Johnson Earnings,1.0,val,2026-03-31,0.795,244.44,2026-04-14,240.1,resolution-1d,1.13,-4.58,-1.78,6.784142647734148,8.908829752011238,-8.564142647734148,-10.688829752011237,14
1798166,C,Citigroup Earnings,1.0,val,2026-03-31,0.79,113.41,2026-04-14,129.58,resolution-1d,11.37,-4.46,14.26,6.784142647734148,8.908829752011238,7.475857352265852,5.351170247988762,14
1819881,BAC,Bank of America Earnings,1.0,embargo,2026-04-03,0.83,50.06,2026-04-15,54.32,resolution-1d,7.01,-1.62,8.51,6.223727895446318,8.3092649811491,2.2862721045536816,0.2007350188508994,12
1819882,MS,Morgan Stanley Earnings,1.0,embargo,2026-04-02,0.75,165.81,2026-04-15,191.62,resolution-1d,11.33,-3.16,15.57,6.725825930824958,8.960997930785219,8.844174069175043,6.609002069214782,13
1819981,BLK,BlackRock Earnings,1.0,embargo,2026-04-02,0.86,966.56,2026-04-14,1054.56,resolution-1d,6.11,-3.86,9.1,5.890246538916877,7.4566645993995095,3.209753461083123,1.64333540060049,12
1819883,PNC,PNC Financial Services Earnings,1.0,embargo,2026-04-07,0.795,213.92,2026-04-15,222.06,resolution-1d,4.77,-1.1,3.81,6.177002146165145,8.292698709042057,-2.3670021461651447,-4.482698709042056,8
1819884,MTB,M&T Bank Earnings,1.0,embargo,2026-04-09,0.705,222.99,2026-04-15,217.1,resolution-1d,0.33,-4.35,-2.64,2.945982569462502,4.459270368866641,-5.585982569462502,-7.099270368866641,6
1891431,SCHW,Charles Schwab Earnings,0.95,embargo,2026-04-08,0.775,96.7,2026-04-16,92.62,resolution-1d,4.2,-4.94,-4.22,3.794317097138711,5.672415371364403,-8.014317097138711,-9.892415371364404,8
1892080,NFLX,Netflix Earnings,1.0,embargo,2026-04-06,0.865,98.93,2026-04-16,107.79,resolution-1d,9.02,-1.51,8.96,6.48475269660016,8.830921105033983,2.475247303399841,0.12907889496601754,10
1892081,PEP,PepsiCo Earnings,0.95,embargo,2026-04-06,0.84,156.73,2026-04-16,158.38,resolution-1d,0.82,-3.18,1.05,6.48475269660016,8.830921105033983,-5.43475269660016,-7.7809211050339835,10
1892323,ALLY,Ally Financial Earnings,0.9,embargo,2026-04-06,0.765,40.32,2026-04-17,45.36,resolution-1d,6.97,-1.69,12.5,7.771693888861053,10.254881153090478,4.728306111138947,2.245118846909522,11
1891432,USB,US Bancorp Earnings,0.95,embargo,2026-04-06,0.775,53.44,2026-04-16,55.48,resolution-1d,6.21,-1.07,3.82,6.48475269660016,8.830921105033983,-2.6647526966001602,-5.010921105033983,10
1892079,CFG,Citizens Financial Group Earnings,0.9,embargo,2026-04-06,0.765,61.41,2026-04-16,64.41,resolution-1d,6.9,-1.27,4.89,6.48475269660016,8.830921105033983,-1.5947526966001604,-3.9409211050339836,10
1892321,STT,State Street Earnings,0.9,embargo,2026-04-08,0.815,136.13,2026-04-17,145.43,resolution-1d,6.13,-1.47,6.83,5.048742531881367,7.055049058028051,1.7812574681186328,-0.22504905802805109,9
1896794,IBKR,Interactive Brokers Earnings,0.95,embargo,2026-04-11,0.82,74.55,2026-04-21,79.62,resolution-1d,11.17,-5.42,6.8,2.6206153831372925,4.363530637395674,4.179384616862707,2.436469362604326,10
1921509,MCO,Moody's Earnings,0.95,embargo,2026-04-11,0.845,439.61,2026-04-22,466.72,resolution-1d,7.68,-3.26,6.17,3.659823244458571,6.109585482137092,2.510176755541429,0.06041451786290786,11
1896796,COF,Capital One Earnings,0.95,embargo,2026-04-18,0.735,205.71,2026-04-21,202.5,resolution-1d,0.0,-1.65,-1.56,-0.6546949154936255,-0.3803338055735961,-0.9053050845063746,-1.179666194426404,3
1896799,MBWM,Mercantile Bank Earnings,0.85,embargo,2026-04-08,0.77,53.0,2026-04-21,51.43,resolution-1d,3.55,-3.34,-2.96,4.152306462732813,6.3092921084302755,-7.112306462732813,-9.269292108430275,13
1921502,IBM,IBM Earnings,0.98,embargo,2026-04-09,0.86,237.18,2026-04-22,251.86,resolution-1d,8.99,-2.81,6.19,4.603557833306171,7.361638625744238,1.5864421666938293,-1.1716386257442375,13
1921501,TXN,Texas Instruments Earnings,0.98,embargo,2026-04-11,0.775,216.71,2026-04-22,236.31,resolution-1d,8.9,-2.31,9.04,3.659823244458571,6.109585482137092,5.380176755541428,2.930414517862907,11
1921506,GD,General Dynamics Earnings,0.95,test,2026-04-09,0.795,343.9,2026-04-22,320.74,resolution-1d,0.0,-7.63,-6.73,4.603557833306171,7.361638625744238,-11.333557833306172,-14.091638625744238,13
1921508,IMAX,IMAX Earnings,0.9,test,2026-04-09,0.78,37.85,2026-04-22,36.22,resolution-1d,0.95,-8.75,-4.31,4.603557833306171,7.361638625744238,-8.913557833306172,-11.671638625744237,13
1937077,PG,Procter & Gamble Earnings,1.0,test,2026-04-11,0.885,143.58,2026-04-24,148.18,resolution-1d,2.79,-0.95,3.2,4.057721592497221,7.530084570747064,-0.8577215924972208,-4.330084570747064,13
1937072,SSNC,SS&C Technologies Earnings,1.0,test,2026-04-11,0.85,69.19,2026-04-23,70.06,resolution-1d,5.35,-3.74,1.26,3.2575480857591543,5.511907781841363,-1.9975480857591543,-4.251907781841363,12
1937076,UBSI,United Bankshares Earnings,1.0,test,2026-04-12,0.885,43.97,2026-04-23,43.91,resolution-1d,2.23,-2.05,-0.14,3.2575480857591543,5.511907781841363,-3.3975480857591545,-5.651907781841363,11
1937073,HAS,Hasbro Earnings,1.0,test,2026-04-12,0.855,92.49,2026-04-23,96.58,resolution-1d,5.96,-5.05,4.42,3.2575480857591543,5.511907781841363,1.1624519142408456,-1.0919077818413632,11
1937063,BX,Blackstone Earnings,1.0,test,2026-04-12,0.86,121.82,2026-04-16,128.13,poly<0.55,7.69,-5.43,5.18,2.2678907028535145,3.738310550394952,2.9121092971464853,1.4416894496050476,4
1937068,HON,Honeywell International Earnings,1.0,test,2026-04-14,0.79,233.24,2026-04-23,214.34,resolution-1d,1.38,-10.89,-8.1,2.0145134049092572,3.6302908384537425,-10.114513404909257,-11.730290838453742,9
1937065,INTC,Intel Earnings,1.0,test,2026-04-16,0.74,68.5,2026-04-23,66.78,resolution-1d,2.67,-6.18,-2.51,0.9677107605368995,1.709683936470907,-3.4777107605368993,-4.219683936470907,7
1937070,CBRE,CBRE Group Earnings,1.0,test,2026-04-16,0.83,147.8,2026-04-23,149.31,resolution-1d,4.33,-2.84,1.02,0.9677107605368995,1.709683936470907,0.05228923946310049,-0.6896839364709071,7
1937066,AXP,American Express Earnings,1.0,test,2026-04-16,0.79,325.76,2026-04-23,318.55,resolution-1d,4.37,-3.38,-2.21,0.9677107605368995,1.709683936470907,-3.1777107605368995,-3.919683936470907,7
1937071,DOW,Dow Earnings,1.0,test,2026-04-13,0.765,40.11,2026-04-23,38.53,resolution-1d,0.0,-13.24,-3.94,3.2575480857591543,5.511907781841363,-7.197548085759154,-9.451907781841363,10
1937067,UNP,Union Pacific Earnings,1.0,test,2026-04-18,0.735,252.18,2026-04-23,271.26,resolution-1d,1.02,-1.46,7.57,-0.03809099605672772,0.7158436339619323,7.608090996056728,6.854156366038068,5
1971815,VZ,Verizon Earnings,1.0,test,2026-04-14,0.865,45.48,2026-04-27,47.1,resolution-1d,4.49,-2.66,3.56,2.982167480090814,5.668152444581409,0.5778325199091863,-2.108152444581409,13
1937074,STBA,S&T Bancorp Earnings,1.0,test,2026-04-14,0.805,43.87,2026-04-23,43.54,resolution-1d,2.28,-2.85,-0.75,2.0145134049092572,3.6302908384537425,-2.7645134049092572,-4.3802908384537425,9
1937061,AAL,American Airlines Earnings,1.0,test,2026-04-19,0.785,12.24,2026-04-23,11.78,resolution-1d,0.0,-6.78,-3.76,-0.03809099605672772,0.7158436339619323,-3.721909003943272,-4.475843633961932,4
1986791,MMM,3M Earnings,1.0,test,2026-04-17,0.86,154.55,2026-04-21,148.47,resolution-1d,0.25,-4.98,-3.93,-0.8533524986046315,-0.696610721455615,-3.0766475013953687,-3.233389278544385,4
1986795,IVZ,Invesco Earnings,0.95,test,2026-04-17,0.77,24.81,2026-04-28,25.86,poly<0.55,4.43,-2.06,4.23,0.21826509716342812,1.3408357146310834,4.011734902836572,2.889164285368917,11
1986797,KO,Coca-Cola Earnings,0.98,test,2026-04-17,0.77,75.74,2026-04-28,78.35,resolution-1d,1.68,-1.57,3.45,0.21826509716342812,1.3408357146310834,3.231734902836572,2.1091642853689168,11
2003557,MRK,Merck Earnings,0.98,test,2026-04-17,0.77,119.07,2026-04-30,109.18,resolution-1d,0.24,-9.38,-8.31,1.1997575577136876,2.9113069830015936,-9.509757557713687,-11.221306983001593,13
1986790,MSCI,MSCI Earnings,0.95,test,2026-04-17,0.77,568.55,2026-04-21,597.39,resolution-1d,0.33,-2.14,5.07,-0.8533524986046315,-0.696610721455615,5.923352498604632,5.766610721455615,4
1986792,EFX,Equifax Earnings,0.95,test,2026-04-17,0.77,196.22,2026-04-21,192.42,resolution-1d,1.97,-5.13,-1.94,-0.8533524986046315,-0.696610721455615,-1.0866475013953685,-1.243389278544385,4
1986793,LMT,Lockheed Martin Earnings,0.98,test,2026-04-18,0.84,581.28,2026-04-23,529.79,poly<0.55,0.0,-10.15,-8.86,-0.03809099605672772,0.7158436339619323,-8.821909003943272,-9.57584363396193,5
1986798,BP,BP Earnings,0.95,test,2026-04-17,0.77,44.59,2026-04-28,46.35,resolution-1d,5.32,-2.8,3.95,0.21826509716342812,1.3408357146310834,3.731734902836572,2.6091642853689168,11
2003558,ICE,Intercontinental Exchange Earnings,0.95,test,2026-04-19,0.825,160.61,2026-04-30,158.09,poly<0.55,0.82,-5.05,-1.57,1.402528904546707,3.2390749576743705,-2.9725289045467074,-4.809074957674371,11
2003559,CI,Cigna Earnings,0.98,test,2026-04-22,0.855,274.7,2026-04-30,290.58,resolution-1d,6.76,-0.86,5.78,1.0475036826971706,1.927921290351664,4.73249631730283,3.852078709648336,8
2003560,RBLX,Roblox Earnings,0.95,test,2026-04-20,0.725,61.83,2026-04-30,55.26,resolution-1d,4.19,-14.9,-10.63,1.402528904546707,3.2390749576743705,-12.032528904546709,-13.869074957674371,10
2003561,RDDT,Reddit Earnings,0.95,test,2026-04-19,0.82,166.28,2026-04-30,147.23,resolution-1d,0.99,-13.95,-11.46,1.402528904546707,3.2390749576743705,-12.862528904546707,-14.699074957674371,11
2003562,LH,Labcorp Earnings,0.95,test,2026-04-22,0.845,272.62,2026-04-30,256.8,resolution-1d,0.56,-7.42,-5.8,1.0475036826971706,1.927921290351664,-6.8475036826971705,-7.727921290351664,8
2003564,CLX,Clorox Earnings,0.95,test,2026-04-27,0.72,96.66,2026-04-30,96.44,resolution-1d,1.56,-3.38,-0.23,0.4879945072881364,0.5284329025841306,-0.7179945072881364,-0.7584329025841305,3
2003565,DLB,Dolby Laboratories Earnings,0.95,test,2026-04-19,0.71,64.77,2026-04-30,64.14,resolution-1d,1.36,-4.14,-0.97,1.402528904546707,3.2390749576743705,-2.372528904546707,-4.20907495767437,11
2003524,GOOGL,Alphabet Earnings,1.0,test,2026-04-18,0.87,337.42,2026-04-29,349.94,resolution-1d,4.67,-1.8,3.71,0.4035509799281245,2.2851357935311345,3.3064490200718755,1.4248642064688655,11
2003531,MSFT,Microsoft Earnings,1.0,test,2026-04-18,0.895,418.07,2026-04-29,424.46,resolution-1d,3.74,-1.59,1.53,0.4035509799281245,2.2851357935311345,1.1264490200718755,-0.7551357935311345,11
2003532,META,Meta Platforms Earnings,1.0,test,2026-04-18,0.945,670.91,2026-04-29,669.12,resolution-1d,1.73,-2.66,-0.27,0.4035509799281245,2.2851357935311345,-0.6735509799281245,-2.5551357935311345,11
2003554,AAPL,Apple Earnings,1.0,test,2026-04-18,0.84,273.05,2026-04-30,271.35,resolution-1d,1.0,-2.92,-0.62,1.402528904546707,3.2390749576743705,-2.022528904546707,-3.8590749576743706,12
2003527,SOFI,SoFi Technologies Earnings,0.95,test,2026-04-18,0.905,19.5,2026-04-29,15.52,resolution-1d,1.38,-20.51,-20.38,0.4035509799281245,2.2851357935311345,-20.783550979928123,-22.665135793531135,11
2003526,VIRT,Virtu Financial Earnings,0.95,test,2026-04-18,0.77,50.56,2026-04-29,50.82,resolution-1d,0.38,-7.32,0.51,0.4035509799281245,2.2851357935311345,0.10644902007187551,-1.7751357935311345,11
2003520,DPZ,Domino's Pizza Earnings,0.95,test,2026-04-18,0.77,369.46,2026-04-27,335.3,poly<0.55,1.61,-11.02,-9.25,0.910093192468131,2.6963934250491706,-10.160093192468132,-11.94639342504917,9
2003543,CAT,Caterpillar Earnings,0.95,test,2026-04-18,0.795,798.4,2026-04-29,810.05,resolution-1d,5.87,-1.45,1.46,0.4035509799281245,2.2851357935311345,1.0564490200718755,-0.8251357935311345,11
2003522,SPGI,S&P Global Earnings,0.95,test,2026-04-21,0.927,444.67,2026-04-28,433.47,poly<0.55,2.71,-2.62,-2.52,1.0808409792706142,2.0517390704275718,-3.600840979270614,-4.571739070427572,7
2003521,BKNG,Booking Holdings Earnings,0.95,test,2026-04-19,0.825,192.03,2026-04-28,173.38,resolution-1d,0.98,-9.91,-9.71,0.4190698528411252,1.6636018075669945,-10.129069852841127,-11.373601807566995,9
2003535,ALL,Allstate Earnings,0.95,test,2026-04-19,0.825,215.15,2026-04-29,212.33,resolution-1d,1.79,-2.23,-1.31,0.4035509799281245,2.2851357935311345,-1.7135509799281246,-3.5951357935311345,10
2003533,QCOM,Qualcomm Earnings,0.95,test,2026-04-19,0.85,137.52,2026-04-29,156.0,resolution-1d,17.07,-3.98,13.44,0.4035509799281245,2.2851357935311345,13.036449020071874,11.154864206468865,10
2003536,GRMN,Garmin Earnings,0.95,test,2026-04-19,0.88,267.52,2026-04-29,253.08,resolution-1d,0.84,-9.95,-5.4,0.4035509799281245,2.2851357935311345,-5.803550979928125,-7.685135793531135,10
2003539,HUM,Humana Earnings,0.95,test,2026-04-19,0.81,210.34,2026-04-21,217.36,poly<0.55,0.0,-3.05,3.34,-0.6546949154936255,-0.3803338055735961,3.9946949154936253,3.720333805573596,2
2003547,TW,Tradeweb Markets Earnings,0.95,test,2026-04-19,0.81,115.12,2026-04-29,118.12,resolution-1d,0.76,-7.01,2.61,0.4035509799281245,2.2851357935311345,2.2064490200718754,0.3248642064688654,10
2003555,LLY,Eli Lilly Earnings,0.95,test,2026-04-19,0.81,919.9,2026-04-30,934.6,resolution-1d,1.1,-7.54,1.6,1.402528904546707,3.2390749576743705,0.197471095453293,-1.6390749576743704,11
2003541,WING,Wingstop Earnings,0.95,test,2026-04-23,0.725,186.74,2026-04-29,171.21,resolution-1d,2.76,-21.02,-8.32,0.44181026591580963,1.5581383255573789,-8.761810265915809,-9.87813832555738,6
2003553,RCL,Royal Caribbean Cruises Earnings,0.95,test,2026-04-19,0.87,282.27,2026-04-30,263.76,resolution-1d,0.7,-11.3,-6.56,1.402528904546707,3.2390749576743705,-7.962528904546707,-9.799074957674371,11
2003538,EBAY,eBay Earnings,0.95,test,2026-04-20,0.825,107.13,2026-04-29,103.79,resolution-1d,0.2,-9.19,-3.12,0.4035509799281245,2.2851357935311345,-3.5235509799281246,-5.405135793531135,9
2062074,WEN,Wendy's Earnings,1.0,test,2026-04-29,0.795,6.76,2026-05-08,7.3,resolution-1d,4.59,-5.77,7.99,3.6594588664588645,7.506382180985738,4.330541133541136,0.4836178190142624,9
2039920,PLTR,Palantir Earnings,1.0,test,2026-04-24,0.875,143.09,2026-05-04,146.03,resolution-1d,2.34,-5.88,2.05,0.5700769406814077,1.355666676779732,1.4799230593185921,0.6943333232202678,10
2062053,DDOG,Datadog Earnings,1.0,test,2026-04-24,0.85,129.48,2026-05-07,188.73,resolution-1d,15.85,-3.99,45.76,2.4707979085238696,4.678555963449504,43.28920209147613,41.081444036550494,13
2062065,SG,Sweetgreen Earnings,1.0,test,2026-05-01,0.855,7.1,2026-05-07,6.87,resolution-1d,0.7,-8.24,-3.24,1.516685257128536,3.0838800377428477,-4.756685257128536,-6.323880037742848,6
2039911,CBOE,Cboe Global Markets Earnings,1.0,test,2026-04-25,0.73,298.44,2026-05-01,326.96,resolution-1d,3.17,-0.09,9.56,0.7662572024635272,1.4934652510433022,8.793742797536474,8.066534748956698,6
2039913,CVX,Chevron Earnings,1.0,test,2026-04-27,0.845,184.78,2026-05-01,190.63,resolution-1d,5.06,-0.6,3.17,0.7662572024635272,1.4934652510433022,2.4037427975364727,1.6765347489566977,4
2048147,CBT,Cabot Earnings,1.0,test,2026-04-27,0.75,77.26,2026-04-28,76.86,poly<0.55,0.0,-1.04,-0.52,-0.48659487281461633,-1.0056746717555742,-0.03340512718538369,0.4856746717555742,1
2048151,OXY,Occidental Petroleum Earnings,1.0,test,2026-04-24,0.88,57.12,2026-04-28,58.61,poly<0.55,1.58,-1.05,2.61,-0.3151525327486637,-0.9534881369052672,2.9251525327486636,3.563488136905267,4
2062013,CVS,CVS Health Earnings,1.0,test,2026-04-26,0.9,78.36,2026-05-06,86.86,resolution-1d,7.11,-0.96,10.85,2.6091746893174284,4.748361258888378,8.24082531068257,6.101638741111621,10
2062034,CHGG,Chegg Earnings,1.0,test,2026-04-27,0.73,1.05,2026-04-28,1.07,poly<0.55,0.0,-2.86,1.9,-0.48659487281461633,-1.0056746717555742,2.3865948728146162,2.905674671755574,1
2062043,BGC,BGC Group Earnings,1.0,test,2026-04-27,0.73,11.41,2026-04-28,11.31,poly<0.55,0.0,-1.75,-0.88,-0.48659487281461633,-1.0056746717555742,-0.3934051271853837,0.12567467175557423,1
2062061,NET,Cloudflare Earnings,1.0,test,2026-04-26,0.82,212.36,2026-05-07,256.79,resolution-1d,18.18,-5.98,20.92,2.294564169613511,4.623401965533702,18.62543583038649,16.2965980344663,11
2039909,PIPR,Piper Sandler Earnings,1.0,test,2026-04-27,0.868,88.04,2026-05-01,79.42,resolution-1d,1.79,-9.89,-9.79,0.7662572024635272,1.4934652510433022,-10.556257202463527,-11.283465251043301,4
2039912,CL,Colgate-Palmolive Earnings,1.0,test,2026-04-24,0.85,84.65,2026-04-28,85.67,poly<0.55,0.77,-0.93,1.2,-0.3151525327486637,-0.9534881369052672,1.5151525327486637,2.153488136905267,4
2048144,PFE,Pfizer Earnings,1.0,test,2026-04-27,0.89,26.79,2026-05-05,26.45,resolution-1d,2.95,-2.91,-1.27,1.202516440371082,2.6165643517848114,-2.472516440371082,-3.8865643517848114,8
2062059,MCD,McDonald's Earnings,1.0,test,2026-04-26,0.735,290.21,2026-04-28,292.39,poly<0.55,0.0,-0.01,0.75,-0.48659487281461633,-1.0056746717555742,1.2365948728146163,1.7556746717555742,2
2062064,PZZA,Papa John's Earnings,1.0,test,2026-04-28,0.925,36.56,2026-04-29,35.03,poly<0.55,0.0,-4.79,-4.18,-0.015454109399481997,0.6113633344809299,-4.164545890600518,-4.79136333448093,1
2062054,DKNG,DraftKings Earnings,1.0,test,2026-04-26,0.735,23.53,2026-04-28,23.4,poly<0.55,0.0,-2.46,-0.55,-0.48659487281461633,-1.0056746717555742,-0.06340512718538371,0.4556746717555742,2
2048150,KKR,KKR Earnings,1.0,test,2026-04-27,0.84,100.7,2026-04-28,101.4,poly<0.55,0.0,-0.79,0.7,-0.48659487281461633,-1.0056746717555742,1.1865948728146163,1.7056746717555742,1
2062007,DD,DuPont Earnings,1.0,test,2026-04-25,0.715,46.69,2026-04-28,45.33,poly<0.55,0.0,-3.3,-2.91,-0.48659487281461633,-1.0056746717555742,-2.423405127185384,-1.904325328244426,3
2062052,DBX,Dropbox Earnings,1.0,test,2026-04-27,0.88,23.91,2026-04-28,23.99,poly<0.55,0.0,-0.75,0.33,-0.48659487281461633,-1.0056746717555742,0.8165948728146164,1.3356746717555743,1
2062073,RKLB,Rocket Lab Earnings,1.0,test,2026-04-28,0.75,78.59,2026-05-07,78.58,resolution-1d,7.75,-5.85,-0.01,2.7947581925003906,5.6862619333223785,-2.8047581925003904,-5.696261933322378,9
2048137,ROKU,Roku Earnings,1.0,test,2026-04-24,0.765,115.22,2026-04-30,116.56,resolution-1d,1.3,-4.44,1.16,0.6611158762619418,0.5814281682190225,0.4988841237380581,0.5785718317809774,6
2062038,COIN,Coinbase Earnings,1.0,test,2026-04-27,0.785,196.68,2026-04-29,181.73,poly<0.55,0.0,-9.69,-7.6,-0.5019737833101279,-0.4004596634819335,-7.098026216689872,-7.199540336518066,2
2062026,IONQ,IONQ Earnings,1.0,test,2026-04-30,0.919,45.12,2026-05-06,52.57,resolution-1d,8.91,-8.05,16.51,2.110879207441485,4.197746084825105,14.399120792558517,12.312253915174896,6
2062039,SHAK,Shake Shack Earnings,1.0,test,2026-04-27,0.73,101.45,2026-05-07,69.24,resolution-1d,2.39,-33.76,-31.75,2.294564169613511,4.623401965533702,-34.04456416961351,-36.3734019655337,10
2048139,IART,Integra LifeSciences Earnings,1.0,test,2026-04-30,0.895,10.54,2026-05-05,13.22,resolution-1d,6.26,-4.93,25.43,0.7110520381926166,2.077155078329085,24.718947961807384,23.352844921670915,5
2062011,FLUT,Flutter Entertainment Earnings,1.0,test,2026-05-01,0.765,106.13,2026-05-06,99.11,resolution-1d,2.41,-7.72,-6.61,1.8289033829558932,3.207000568750029,-8.438903382955893,-9.817000568750029,5
2335543,IOT,Samsara Earnings,1.0,test,2026-05-26,0.895,31.16,2026-06-01,38.55,resolution-1d,12.95,-6.13,23.72,1.059160245597801,1.7061894667305344,22.660839754402197,22.013810533269464,6
2062042,AKAM,Akamai Technologies Earnings,1.0,test,2026-04-26,0.835,95.93,2026-04-28,95.43,poly<0.55,0.0,-2.5,-0.52,-0.48659487281461633,-1.0056746717555742,-0.03340512718538369,0.4856746717555742,2
2062056,EXPE,Expedia Earnings,1.0,test,2026-04-27,0.87,245.22,2026-05-07,252.79,resolution-1d,4.95,-4.78,3.09,2.294564169613511,4.623401965533702,0.7954358303864888,-1.5334019655337023,10
2062066,SOUN,SoundHound AI Earnings,1.0,test,2026-04-25,0.78,8.16,2026-04-28,8.06,poly<0.55,0.0,-3.19,-1.23,-0.48659487281461633,-1.0056746717555742,-0.7434051271853837,-0.22432532824442575,3
2062062,NWSA,News Corp Earnings,1.0,test,2026-05-01,0.82,26.24,2026-05-07,27.04,resolution-1d,1.22,-3.66,3.05,1.516685257128536,3.0838800377428477,1.5333147428714637,-0.03388003774284787,6
2039915,GRAB,Grab Holdings Earnings,1.0,test,2026-04-27,0.725,3.89,2026-05-04,3.62,poly<0.55,0.0,-9.51,-6.94,0.39711214443203247,1.302263473256371,-7.337112144432033,-8.242263473256372,7
2048138,POWL,Powell Industries Earnings,1.0,test,2026-04-28,0.745,255.56,2026-05-04,269.95,resolution-1d,10.87,-3.69,5.63,0.8880281165308368,2.331384286280369,4.741971883469163,3.298615713719631,6
2062027,MAR,Marriott Earnings,1.0,test,2026-04-26,0.75,360.67,2026-04-29,353.95,poly<0.55,1.62,-3.22,-1.86,-0.5019737833101279,-0.4004596634819335,-1.3580262166898722,-1.4595403365180666,3
2062023,DASH,DoorDash Earnings,1.0,test,2026-05-05,0.85,166.14,2026-05-06,167.97,poly<0.55,0.0,-1.07,1.1,1.3899439445017592,2.077439369140688,-0.2899439445017591,-0.9774393691406877,1
2062018,APP,Applovin Earnings,1.0,test,2026-04-27,0.823,460.29,2026-05-06,468.83,resolution-1d,5.05,-6.53,1.86,2.6091746893174284,4.748361258888378,-0.7491746893174283,-2.888361258888378,9
2062070,TTD,Trade Desk Earnings,1.0,test,2026-04-30,0.835,23.59,2026-05-07,23.49,resolution-1d,5.43,-1.87,-0.42,1.7977965140844265,4.0734436464534785,-2.2177965140844265,-4.493443646453478,7
2048146,BUD,Anheuser-Busch Earnings,1.0,test,2026-05-01,0.945,75.56,2026-05-05,80.37,resolution-1d,0.0,-2.94,6.37,0.4329417902572352,1.106572820194418,5.937058209742765,5.263427179805582,4
2062071,USFD,US Foods Earnings,1.0,test,2026-04-26,0.77,91.0,2026-04-28,90.38,poly<0.55,0.0,-1.43,-0.68,-0.48659487281461633,-1.0056746717555742,-0.19340512718538372,0.3256746717555742,2
2062017,APO,Apollo Global Management Earnings,1.0,test,2026-04-29,0.755,122.28,2026-05-06,129.53,resolution-1d,9.04,-1.86,5.93,3.1268444118197847,5.169522775882229,2.803155588180215,0.7604772241177704,7
2062028,NYT,New York Times Earnings,0.95,test,2026-04-25,0.78,79.61,2026-05-06,83.68,resolution-1d,1.24,-3.1,5.11,2.6091746893174284,4.748361258888378,2.500825310682572,0.361638741111622,11
2048143,MPC,Marathon Petroleum Earnings,0.95,test,2026-04-28,0.745,232.59,2026-05-05,260.51,resolution-1d,8.9,-2.37,12.0,1.6973706316519843,3.659037032203405,10.302629368348015,8.340962967796596,7
2048154,FIS,Fidelity National Information Services Earnings,0.95,test,2026-04-26,0.76,45.6,2026-04-28,46.3,poly<0.55,0.0,-1.32,1.54,-0.48659487281461633,-1.0056746717555742,2.0265948728146164,2.5456746717555743,2
2062060,MCHP,Microchip Technology Earnings,0.95,test,2026-04-27,0.715,86.84,2026-04-28,84.26,poly<0.55,0.0,-3.33,-2.97,-0.48659487281461633,-1.0056746717555742,-2.483405127185384,-1.964325328244426,1
2062014,KHC,Kraft Heinz Earnings,0.95,test,2026-04-26,0.83,21.92,2026-04-28,22.47,poly<0.55,0.0,-0.5,2.51,-0.48659487281461633,-1.0056746717555742,2.996594872814616,3.515674671755574,2
2062024,DIS,Disney Earnings,1.0,test,2026-04-26,0.875,102.35,2026-05-06,108.06,resolution-1d,2.42,-2.24,5.58,2.6091746893174284,4.748361258888378,2.9708253106825717,0.8316387411116217,10
2062055,ED,Consolidated Edison Earnings,0.95,test,2026-04-26,0.835,108.83,2026-05-07,106.39,resolution-1d,3.31,-3.23,-2.24,2.294564169613511,4.623401965533702,-4.534564169613511,-6.863401965533702,11
2039914,EL,Estee Lauder Earnings,0.95,test,2026-04-26,0.89,77.32,2026-05-01,79.3,resolution-1d,0.75,-2.72,2.56,0.7662572024635272,1.4934652510433022,1.7937427975364728,1.0665347489566979,5
2048142,APTV,Aptiv Earnings,0.95,test,2026-04-26,0.83,60.07,2026-04-28,59.12,poly<0.55,0.0,-2.23,-1.58,-0.48659487281461633,-1.0056746717555742,-1.0934051271853837,-0.5743253282444258,2
2048148,EA,Electronic Arts Earnings,0.95,test,2026-04-29,0.775,202.67,2026-05-05,201.57,resolution-1d,0.01,-0.63,-0.54,1.7130894837743993,3.0291545574137047,-2.2530894837743993,-3.5691545574137047,6
2062040,TFX,Teleflex Earnings,0.95,test,2026-04-26,0.83,135.07,2026-04-28,135.52,poly<0.55,0.0,-1.47,0.33,-0.48659487281461633,-1.0056746717555742,0.8165948728146164,1.3356746717555743,2
2062058,ICUI,ICU Medical Earnings,0.95,test,2026-04-26,0.825,122.85,2026-04-28,121.01,poly<0.55,0.0,-3.04,-1.5,-0.48659487281461633,-1.0056746717555742,-1.0134051271853837,-0.49432532824442577,2
2062029,SNEX,StoneX Earnings,0.95,test,2026-04-26,0.83,106.14,2026-04-28,104.96,poly<0.55,0.0,-3.53,-1.11,-0.48659487281461633,-1.0056746717555742,-0.6234051271853838,-0.10432532824442586,2
2062020,ATO,Atmos Energy Earnings,0.95,test,2026-04-29,0.865,185.71,2026-05-06,184.76,resolution-1d,3.11,-1.08,-0.51,3.1268444118197847,5.169522775882229,-3.6368444118197845,-5.679522775882229,7
2062036,CRL,Charles River Laboratories Earnings,0.95,test,2026-04-30,0.89,166.97,2026-05-07,181.68,resolution-1d,13.4,-3.01,8.81,1.7977965140844265,4.0734436464534785,7.012203485915574,4.736556353546522,7
2062037,MKTX,Marketaxess Earnings,0.95,test,2026-05-01,0.76,152.87,2026-05-07,152.66,resolution-1d,2.53,-4.49,-0.14,1.516685257128536,3.0838800377428477,-1.6566852571285362,-3.223880037742848,6
2062016,AMC,AMC Entertainment Earnings,1.0,test,2026-04-27,0.75,1.65,2026-05-06,1.64,poly<0.55,0.0,-14.55,-0.61,2.6091746893174284,4.748361258888378,-3.2191746893174282,-5.358361258888379,9
2062031,TRIP,Tripadvisor Earnings,1.0,test,2026-04-29,0.835,11.18,2026-05-04,11.33,poly<0.55,4.2,-4.38,1.34,0.9036218726430789,1.709569272092315,0.43637812735692116,-0.36956927209231494,5
2062041,ABNB,Airbnb Earnings,1.0,test,2026-05-01,0.755,141.66,2026-05-04,138.86,poly<0.55,0.0,-2.23,-1.98,-0.3663379669741951,-0.18838826451929025,-1.613662033025805,-1.7916117354807097,3
2039918,HESM,Hess Midstream Earnings,1.0,test,2026-04-30,0.75,39.1,2026-05-04,39.52,resolution-1d,0.0,-2.63,1.07,-0.09044101566729745,0.7697628902880949,1.1604410156672975,0.3002371097119052,4
2048152,PYPL,PayPal Earnings,1.0,test,2026-04-30,0.86,50.14,2026-05-05,46.49,poly<0.55,1.83,-11.23,-7.28,0.7110520381926166,2.077155078329085,-7.991052038192617,-9.357155078329086,5
2110084,CSCO,Cisco Systems Earnings,1.0,test,2026-04-30,0.955,91.5,2026-05-13,101.87,resolution-1d,9.21,-2.38,11.33,3.290850374006604,7.034179834248788,8.039149625993396,4.295820165751212,13
2110073,HUBS,HubSpot Earnings,1.0,test,2026-04-30,0.78,221.76,2026-05-07,243.72,resolution-1d,14.99,-3.02,9.9,1.7977965140844265,4.0734436464534785,8.102203485915574,5.826556353546522,7
2110074,FOXA,Fox Earnings,1.0,test,2026-04-30,0.92,63.49,2026-05-11,67.72,resolution-1d,1.83,-3.53,6.66,2.8720139453608517,6.821515628707631,3.7879860546391484,-0.16151562870763048,11
2110085,WIX,Wix.com Earnings,1.0,test,2026-04-30,0.9,74.69,2026-05-13,55.32,poly<0.55,10.43,-30.91,-25.93,3.290850374006604,7.034179834248788,-29.220850374006602,-32.96417983424879,13
2110072,TOST,Toast Earnings,0.95,test,2026-04-30,0.785,28.52,2026-05-07,29.38,resolution-1d,6.45,-2.38,3.02,1.7977965140844265,4.0734436464534785,1.2222034859155735,-1.0534436464534784,7
2110077,ACM,AECOM Earnings,0.95,test,2026-04-30,0.765,84.1,2026-05-11,79.5,resolution-1d,2.05,-5.89,-5.47,2.8720139453608517,6.821515628707631,-8.34201394536085,-12.29151562870763,11
2110079,HIMS,Hims & Hers Health Earnings,0.95,test,2026-04-30,0.86,27.17,2026-05-11,29.14,poly<0.55,4.99,-6.7,7.25,2.8720139453608517,6.821515628707631,4.377986054639148,0.4284843712923694,11
2110082,UAA,Under Armour Earnings,0.95,test,2026-05-10,0.705,6.06,2026-05-12,5.03,poly<0.55,0.0,-20.63,-17.0,-0.15149399914519135,-0.848180680976407,-16.848506000854808,-16.151819319023595,2
2110081,PXLW,Pixelworks Earnings,0.9,test,2026-05-07,0.8,5.61,2026-05-12,5.91,resolution-1d,4.28,-1.78,5.35,0.9021536170700228,1.7699352101990806,4.447846382929977,3.580064789800919,5
2168995,SPCE,Virgin Galactic Earnings,0.95,test,2026-05-06,0.89,2.66,2026-05-08,2.94,poly<0.55,0.0,-7.52,10.53,0.5164653855907586,2.2219929723208853,10.013534614409242,8.308007027679114,2
2168996,GAMB,Gambling.com Earnings,0.9,test,2026-05-06,0.85,4.12,2026-05-14,4.14,resolution-1d,33.5,-4.59,0.49,1.9541263625574512,3.4522842062491232,-1.4641263625574512,-2.962284206249123,8
2168999,AS,Amer Sports Earnings,0.95,test,2026-05-06,0.845,37.19,2026-05-19,33.83,resolution-1d,0.43,-12.41,-9.03,-0.013632124438089921,0.8278611615811782,-9.01636787556191,-9.857861161581177,13
2168992,PLBY,Playboy Earnings,0.95,test,2026-05-08,0.715,1.8,2026-05-11,1.73,resolution-1d,0.0,-8.61,-3.89,0.22775855954315638,0.28963874065546236,-4.117758559543157,-4.179638740655463,3
2168998,HD,Home Depot Earnings,0.98,test,2026-05-08,0.755,317.45,2026-05-19,302.44,resolution-1d,0.0,-8.93,-4.73,-0.5273738068637179,-1.363827656067318,-4.2026261931362825,-3.3661723439326825,11
2168997,NMAX,Newsmax Earnings,0.9,test,2026-05-12,0.775,6.54,2026-05-14,6.92,resolution-1d,5.66,-4.13,5.81,1.3533271469689856,1.7745020030343284,4.456672853031014,4.035497996965671,2
2186404,URBN,Urban Outfitters Earnings,0.9,test,2026-05-12,0.855,67.01,2026-05-20,71.67,resolution-1d,4.61,-3.4,6.95,0.4158887201874073,0.8356476247516786,6.534111279812593,6.1143523752483215,8
2186405,ADI,Analog Devices Earnings,0.9,test,2026-05-12,0.895,419.65,2026-05-20,398.05,resolution-1d,3.83,-8.53,-5.15,0.4158887201874073,0.8356476247516786,-5.565888720187408,-5.985647624751679,8
2186406,DY,Dycom Industries Earnings,0.9,test,2026-05-12,0.855,429.4,2026-05-20,412.78,resolution-1d,5.73,-7.19,-3.87,0.4158887201874073,0.8356476247516786,-4.285888720187407,-4.705647624751679,8
2186407,NVDA,NVIDIA Earnings,1.0,test,2026-05-12,0.94,220.78,2026-05-20,223.47,resolution-1d,7.14,-2.65,1.22,0.4158887201874073,0.8356476247516786,0.8041112798125927,0.38435237524832133,8
2186408,INTU,Intuit Earnings,0.9,test,2026-05-12,0.905,387.74,2026-05-20,383.93,resolution-1d,9.35,-5.53,-0.98,0.4158887201874073,0.8356476247516786,-1.3958887201874073,-1.8156476247516786,8
2186409,DE,Deere & Co Earnings,0.9,test,2026-05-12,0.92,589.19,2026-05-21,531.35,resolution-1d,0.31,-12.57,-9.82,0.6150231748881518,1.027942371986179,-10.435023174888151,-10.847942371986179,9
2186410,RL,Ralph Lauren Earnings,0.9,test,2026-05-12,0.92,337.14,2026-05-21,374.9,resolution-1d,0.34,-5.91,11.2,0.6150231748881518,1.027942371986179,10.584976825111848,10.172057628013821,9
2186411,WMT,Walmart Earnings,0.95,test,2026-05-12,0.85,130.35,2026-05-21,121.34,resolution-1d,3.69,-7.64,-6.91,0.6150231748881518,1.027942371986179,-7.525023174888152,-7.937942371986179,9
2186412,ZM,Zoom Communications Earnings,0.9,test,2026-05-12,0.835,102.96,2026-05-21,96.75,resolution-1d,0.97,-7.38,-6.03,0.6150231748881518,1.027942371986179,-6.645023174888152,-7.057942371986179,9
2186413,WDAY,Workday Earnings,0.9,test,2026-05-12,0.885,118.62,2026-05-21,121.85,resolution-1d,14.59,-5.12,2.72,0.6150231748881518,1.027942371986179,2.1049768251118484,1.692057628013821,9
2186414,BJ,BJ's Wholesale Club Earnings,0.9,test,2026-05-12,0.9,92.01,2026-05-22,86.64,resolution-1d,7.77,-7.48,-5.84,1.010596608777603,1.4563638842814086,-6.850596608777603,-7.2963638842814085,10
2245146,SMTC,Semtech Earnings,0.9,test,2026-05-16,0.885,132.39,2026-05-26,164.46,resolution-1d,24.24,-5.69,24.22,1.6164627424033018,3.4566816236866416,22.6035372575967,20.763318376313357,10
2256958,CRM,Salesforce Earnings,0.95,test,2026-05-14,0.84,167.58,2026-05-27,177.51,resolution-1d,11.85,-1.94,5.93,0.30608539700998083,1.3420628898115128,5.623914602990019,4.587937110188487,13
2256943,SNOW,Snowflake Earnings,0.9,test,2026-05-15,0.875,157.47,2026-05-27,175.26,resolution-1d,15.11,-5.33,11.3,1.5273941479672093,2.894505768305744,9.772605852032791,8.405494231694256,12
2256959,HPQ,HP Earnings,0.9,test,2026-05-20,0.78,21.07,2026-05-27,25.49,resolution-1d,21.36,-1.52,20.98,1.242498748419063,2.285632368359125,19.737501251580937,18.694367631640876,7
2297855,HPE,Hewlett Packard Enterprise Earnings,1.0,test,2026-05-19,0.86,32.62,2026-06-01,47.0,resolution-1d,36.65,-2.27,44.08,3.381352570974916,5.874297494977321,40.69864742902508,38.20570250502268,13
2277279,WSM,Williams-Sonoma Earnings,1.0,test,2026-05-20,0.88,180.25,2026-05-28,205.6,resolution-1d,14.8,-6.63,14.06,1.8010085107504237,3.147998373879357,12.258991489249578,10.912001626120643,8
2277309,ADSK,Autodesk Earnings,1.0,test,2026-05-20,0.925,243.63,2026-05-28,240.95,resolution-1d,1.38,-4.28,-1.1,1.8010085107504237,3.147998373879357,-2.9010085107504238,-4.247998373879357,8
2277310,OKTA,Okta Earnings,1.0,test,2026-05-20,0.94,89.04,2026-05-28,94.72,resolution-1d,8.25,-6.39,6.38,1.8010085107504237,3.147998373879357,4.578991489249576,3.232001626120643,8
2277318,DELL,Dell Technologies Earnings,1.0,test,2026-05-20,0.94,242.93,2026-05-28,317.05,resolution-1d,28.49,-2.36,30.51,1.8010085107504237,3.147998373879357,28.708991489249577,27.362001626120644,8
2335553,LULU,Lululemon Athletica Earnings,1.0,test,2026-05-26,0.885,127.35,2026-06-01,132.09,resolution-1d,6.9,-1.68,3.72,1.059160245597801,1.7061894667305344,2.660839754402199,2.013810533269466,6
2335600,RBRK,Rubrik Earnings,1.0,test,2026-05-26,0.885,68.31,2026-06-01,85.07,resolution-1d,15.47,-5.55,24.54,1.059160245597801,1.7061894667305344,23.480839754402197,22.833810533269464,6
2335601,DOCU,Docusign Earnings,1.0,test,2026-05-26,0.87,49.32,2026-06-01,57.02,resolution-1d,8.19,-2.62,15.61,1.059160245597801,1.7061894667305344,14.550839754402197,13.903810533269464,6
2335609,CBRL,Cracker Barrel Earnings,1.0,test,2026-05-26,0.75,33.31,2026-06-01,35.06,resolution-1d,8.83,-2.43,5.25,1.059160245597801,1.7061894667305344,4.190839754402199,3.5438105332694656,6
598104,GIS,General Mills Earnings,1.0,train,2025-09-16,0.91,49.56,2025-09-24,51.11,resolution-1d,2.44,-2.3,3.13,0.16666296756628896,0.8322309569184894,2.963337032433711,2.2977690430815105,8
637819,NTRS,Northern Trust Earnings,1.0,train,2025-10-17,0.77,124.82,2025-10-22,125.48,resolution-1d,4.3,-2.96,0.53,0.513248704728908,0.25830768094194934,0.01675129527109198,0.2716923190580507,5
648227,ABNB,Airbnb Earnings,1.0,train,2025-10-31,0.785,126.54,2025-11-06,120.53,poly<0.55,0.62,-5.31,-4.75,-1.7227223473094244,-2.7659917356534613,-3.0272776526905756,-1.9840082643465387,6
700377,FIVE,Five Below Earnings,1.0,train,2025-11-26,0.735,166.95,2025-12-03,163.15,resolution-1d,0.51,-4.85,-2.28,0.6194123731790402,1.505852427415988,-2.89941237317904,-3.7858524274159877,7
701948,ORCL,Oracle Earnings,1.0,train,2025-12-03,0.76,207.73,2025-12-08,220.54,resolution-1d,5.67,-4.01,6.17,-0.03801923701995946,0.1218901946719253,6.208019237019959,6.048109805328075,5
1069148,JPM,JPMorgan Chase Earnings,1.0,train,2025-12-31,0.895,322.22,2026-01-13,310.9,poly<0.55,4.66,-3.62,-3.51,1.7377459112611238,1.9420150613198128,-5.2477459112611236,-5.452015061319813,13
1270843,CI,Cigna Group Earnings,1.0,val,2026-01-27,0.76,270.09,2026-02-05,284.53,resolution-1d,4.36,-1.61,5.35,-2.569410828064611,-5.403003394248252,7.919410828064611,10.753003394248251,9
1270844,ARES,Ares Management Earnings,1.0,val,2026-02-01,0.74,146.47,2026-02-05,121.87,poly<0.55,0.0,-18.48,-16.8,-2.558200013569023,-4.649117556862592,-14.241799986430978,-12.150882443137409,4
1271536,ON,ON Semiconductor Earnings,1.0,val,2026-01-26,0.855,61.13,2026-02-09,65.1,resolution-1d,9.37,-5.79,6.49,0.1761193787882087,-1.7810913978646759,6.3138806212117915,8.271091397864677,14
1280188,DDOG,Datadog Earnings,1.0,val,2026-01-28,0.825,140.56,2026-02-10,129.67,resolution-1d,0.0,-24.83,-7.75,-0.4745316318290338,-3.4348253381599525,-7.275468368170966,-4.3151746618400475,13
1287877,MRK,Merck Earnings,1.0,val,2026-01-29,0.82,108.34,2026-02-03,115.84,resolution-1d,5.12,-1.14,6.92,-0.649811087725416,-2.051057829266989,7.569811087725416,8.97105782926699,5
1287878,PYPL,PayPal Earnings,1.0,val,2026-01-29,0.82,53.11,2026-02-03,41.7,resolution-1d,0.62,-21.99,-21.48,-0.649811087725416,-2.051057829266989,-20.830188912274586,-19.428942170733013,5
1287904,MCD,McDonald's Earnings,1.0,val,2026-01-31,0.705,318.53,2026-02-09,325.6,poly<0.55,2.99,-1.04,2.22,-0.209942479095937,-1.8877578572989662,2.429942479095937,4.107757857298966,9
1287905,CSCO,Cisco Earnings,1.0,val,2026-01-31,0.745,80.64,2026-02-11,85.54,resolution-1d,9.36,-3.27,6.08,-0.4961032060375681,-2.081008878531909,6.576103206037568,8.16100887853191,11
1287906,TMUS,T-Mobile Earnings,1.0,val,2026-01-29,0.775,189.28,2026-02-11,209.54,poly<0.55,8.21,-1.6,10.7,-0.29968821977651716,-2.592823270915401,10.999688219776516,13.2928232709154,13
1288097,MGM,MGM Resorts Earnings,1.0,val,2026-01-30,0.705,33.54,2026-02-11,36.36,resolution-1d,17.02,-3.01,8.41,-0.0014377402040466336,-1.408656123370966,8.411437740204047,9.818656123370966,12
1288098,HLT,Hilton Earnings,1.0,val,2026-01-31,0.76,302.93,2026-02-11,325.13,resolution-1d,7.31,-1.46,7.33,-0.4961032060375681,-2.081008878531909,7.826103206037568,9.41100887853191,11
1321489,USFD,US Foods Earnings,1.0,val,2026-02-03,0.755,87.89,2026-02-12,101.98,resolution-1d,4.09,-4.16,16.03,-1.1979187873873864,-2.575748455806237,17.227918787387388,18.60574845580624,9
1367585,EBAY,eBay Earnings,1.0,val,2026-02-12,0.83,79.41,2026-02-18,82.18,resolution-1d,3.84,-1.74,3.49,0.7368529881217611,0.8574126354070177,2.753147011878239,2.6325873645929825,6
1403447,CRWD,CrowdStrike Earnings,1.0,val,2026-02-21,0.875,350.33,2026-03-03,391.42,resolution-1d,10.51,-2.17,11.73,-0.30187979225561046,0.02827421441373712,12.03187979225561,11.701725785586262,10
1403495,AVGO,Broadcom Earnings,1.0,val,2026-02-21,0.805,330.34,2026-03-04,317.53,resolution-1d,1.69,-7.0,-3.88,0.40152847719887585,1.55302161130344,-4.281528477198876,-5.43302161130344,11
1403496,OKTA,Okta Earnings,1.0,val,2026-02-23,0.835,69.51,2026-03-04,71.74,resolution-1d,9.98,-1.06,3.21,0.40152847719887585,1.55302161130344,2.808471522801124,1.65697838869656,9
1403526,ANF,Abercrombie & Fitch Earnings,1.0,val,2026-02-25,0.7,95.91,2026-03-04,95.65,resolution-1d,6.12,-6.29,-0.27,-1.1570394934386052,-0.9615996539876326,0.8870394934386052,0.6915996539876326,7
1403494,BBWI,Bath & Body Works Earnings,1.0,val,2026-03-03,0.81,22.43,2026-03-04,23.01,resolution-1d,0.0,-5.57,2.59,0.7055381465455479,1.5243164084000504,1.884461853454452,1.0656835915999494,1
1494780,DLTR,Dollar Tree Earnings,1.0,val,2026-03-04,0.77,117.85,2026-03-16,114.36,resolution-1d,1.75,-9.35,-2.96,-2.349915413307768,-1.6979116033053576,-0.6100845866922318,-1.2620883966946423,12
1454725,GETY,Getty Images Earnings,1.0,val,2026-03-05,0.74,0.87,2026-03-09,0.82,poly<0.55,0.0,-10.03,-4.84,-0.4461960103678497,-0.1888560591260524,-4.393803989632151,-4.651143940873947,4
1494785,ASO,Academy Sports and Outdoors Earnings,1.0,val,2026-03-04,0.77,60.84,2026-03-17,49.9,resolution-1d,1.6,-18.51,-17.98,-2.0930373437551553,-1.218174775506553,-15.886962656244846,-16.761825224493446,13
1518162,FIVE,Five Below Earnings,1.0,val,2026-03-10,0.72,221.05,2026-03-18,212.47,resolution-1d,0.42,-5.68,-3.88,-2.325821815521467,-2.11757650157105,-1.5541781844785327,-1.7624234984289497,8
1735232,DAL,Delta Air Lines Earnings,1.0,val,2026-03-29,0.78,63.19,2026-04-08,68.08,resolution-1d,8.12,-0.38,7.74,6.968691726523235,8.563802222839323,0.7713082734767651,-0.8238022228393227,10
1735233,WDFC,WD-40 Earnings,1.0,val,2026-04-01,0.715,205.61,2026-04-09,223.02,poly<0.55,7.15,-2.19,8.47,3.765030107721601,4.4291566105228775,4.7049698922784,4.040843389477123,8
1744804,UNTY,Unity Bancorp Earnings,1.0,val,2026-03-29,0.72,51.51,2026-04-10,55.87,resolution-1d,10.97,-2.37,8.46,7.51460567290787,9.455824184474238,0.9453943270921306,-0.9958241844742375,12
1892331,TSM,Taiwan Semiconductor Earnings,1.0,embargo,2026-04-06,0.88,341.76,2026-04-16,363.35,resolution-1d,11.82,-1.79,6.32,6.48475269660016,8.830921105033983,-0.1647526966001598,-2.510921105033983,10
1986801,SYY,Sysco Earnings,1.0,test,2026-04-22,0.855,75.53,2026-04-28,73.37,resolution-1d,1.72,-5.26,-2.86,0.06748786630124126,0.3724569150166168,-2.927487866301241,-3.2324569150166167,6
1986800,NXPI,NXP Semiconductors Earnings,1.0,test,2026-04-17,0.77,216.03,2026-04-28,230.39,resolution-1d,13.5,-2.67,6.65,0.21826509716342812,1.3408357146310834,6.431734902836572,5.309164285368917,11
2044093,AMZN,Amazon Earnings,1.0,test,2026-04-21,0.84,249.91,2026-04-29,263.04,resolution-1d,5.84,-0.32,5.25,1.0652198355237452,2.67564598530432,4.184780164476255,2.57435401469568,8
2048134,PJT,PJT Partners Earnings,1.0,test,2026-04-26,0.86,155.81,2026-04-28,153.2,resolution-1d,0.0,-3.63,-1.68,-0.48659487281461633,-1.0056746717555742,-1.1934051271853836,-0.6743253282444257,2
2048132,HLT,Hilton Earnings,1.0,test,2026-04-24,0.865,335.63,2026-04-28,323.36,resolution-1d,0.54,-3.75,-3.66,-0.3151525327486637,-0.9534881369052672,-3.3448474672513364,-2.706511863094733,4
2110078,CRCL,Circle Internet Earnings,1.0,test,2026-04-30,0.765,90.88,2026-05-11,131.76,resolution-1d,35.19,-1.08,44.98,2.8720139453608517,6.821515628707631,42.10798605463914,38.15848437129237,11
2110071,YELP,Yelp Earnings,1.0,test,2026-04-30,0.84,27.6,2026-05-07,28.5,resolution-1d,6.45,-1.96,3.26,1.7977965140844265,4.0734436464534785,1.4622034859155733,-0.8134436464534787,7
2110070,DNUT,Krispy Kreme Earnings,1.0,test,2026-05-05,0.745,3.67,2026-05-06,3.68,poly<0.55,0.0,-0.95,0.27,1.3899439445017592,2.077439369140688,-1.1199439445017592,-1.8074393691406878,1
2186403,LOW,Lowe's Earnings,1.0,test,2026-05-12,0.915,224.52,2026-05-20,221.05,resolution-1d,0.0,-7.36,-1.55,0.4158887201874073,0.8356476247516786,-1.9658887201874073,-2.3856476247516785,8
2312767,PANW,Palo Alto Networks Earnings,1.0,test,2026-05-20,0.89,246.66,2026-06-01,300.48,resolution-1d,15.02,-4.62,21.82,2.3325434100969655,4.14919228876478,19.487456589903033,17.67080771123522,12
2312792,CRWD,CrowdStrike Earnings,1.0,test,2026-05-20,0.905,650.11,2026-06-01,782.17,resolution-1d,12.52,-5.54,20.31,2.3325434100969655,4.14919228876478,17.977456589903035,16.16080771123522,12
2312808,CXM,Sprinklr Earnings,1.0,test,2026-05-20,0.855,5.27,2026-06-01,6.01,resolution-1d,7.02,-3.61,14.04,2.3325434100969655,4.14919228876478,11.707456589903034,9.890807711235219,12
2312823,AVGO,Broadcom Earnings,1.0,test,2026-05-20,0.905,417.76,2026-06-01,459.97,resolution-1d,7.45,-1.81,10.1,2.3325434100969655,4.14919228876478,7.767456589903034,5.950807711235219,12
2312782,DG,Dollar General Earnings,1.0,test,2026-05-25,0.805,103.61,2026-06-01,109.93,resolution-1d,7.57,-1.76,6.1,1.059160245597801,1.7061894667305344,5.040839754402199,4.393810533269465,7
2357825,GTLB,GitLab Earnings,1.0,test,2026-05-27,0.805,26.52,2026-06-01,33.79,resolution-1d,17.35,-1.6,27.41,1.0766670866022343,1.8219175824171208,26.333332913397765,25.58808241758288,5
2357826,M,Macy's Earnings,1.0,test,2026-05-27,0.83,21.05,2026-06-01,21.8,resolution-1d,7.27,-0.33,3.56,1.0766670866022343,1.8219175824171208,2.4833329133977657,1.7380824175828793,5
